,day,month,year,holiday,temp,increase,power
0,2,10,2016,1,28.0,-10.352011806067972,41308
1,3,10,2016,0,28.4,18.751815628933862,49054
2,6,10,2016,0,28.8,-0.6708059653816207,49753
3,7,10,2016,0,28.1,0.19295318875243705,49849
4,8,10,2016,1,28.3,-1.584786053882726,49059
5,9,10,2016,1,28.9,-6.822397521351843,45712
6,10,10,2016,0,28.5,8.404795239761986,49554
7,11,10,2016,0,28.4,-5.0349114097751935,47059
8,12,10,2016,0,29.1,7.649971312607577,50659
9,13,10,2016,0,26.0,-8.166367279259362,46522
10,14,10,2016,0,24.9,8.47985899144491,50467
11,15,10,2016,1,24.3,-19.58309390294648,40584
12,16,10,2016,1,27.1,-3.4299231224127738,39192
13,17,10,2016,0,28.0,12.885282710757297,44242
14,18,10,2016,0,28.5,6.22485421093079,46996
15,19,10,2016,0,28.3,-5.8111328623712675,44265
16,20,10,2016,0,27.8,7.527391844572461,47597
17,21,10,2016,0,28.7,-1.7164947370632604,46780
18,22,10,2016,1,29.2,3.5014963659683622,48418
19,23,10,2016,1,28.6,-5.977115948614153,45524
20,24,10,2016,0,28.3,20.31895264036552,54774
21,25,10,2016,0,26.7,-8.8892540256326,49905
22,26,10,2016,0,27.3,5.660755435327122,52730
23,27,10,2016,0,27.9,1.5114735444718377,53527
24,28,10,2016,0,28.2,9.576475423617989,58653
25,29,10,2016,1,27.8,-13.757182070823314,50584
26,30,10,2016,1,22.7,-19.80665823185197,40565
27,31,10,2016,0,21.2,11.492666091458151,45227
28,1,11,2016,0,22.3,-9.759656842151813,40813
29,2,11,2016,0,22.2,-2.312988508563448,39869
30,3,11,2016,0,22.8,2.2022122451027117,40747
31,4,11,2016,0,22.4,0.8368714261172602,41088
32,5,11,2016,1,23.8,0.4989291277258567,41293
33,6,11,2016,1,24.4,-4.5988424188119055,39394
34,7,11,2016,0,25.2,8.145910544753008,42603
35,8,11,2016,0,24.3,-2.5209492289275404,41529
36,9,11,2016,0,17.0,-2.2947819595945003,40576
37,10,11,2016,0,16.2,-1.6216482649842272,39918
38,11,11,2016,0,18.7,2.4500225462197505,40896
39,12,11,2016,1,21.6,-5.582453051643191,38613
40,13,11,2016,1,24.2,-2.0925595006862974,37805
41,14,11,2016,0,26.0,10.292289379711676,41696
42,15,11,2016,0,26.9,4.950115118956255,43760
43,16,11,2016,0,25.8,2.481718464351005,44846
44,17,11,2016,0,25.8,-0.8807920438835125,44451
45,18,11,2016,0,25.4,-0.6681514476614699,44154
46,19,11,2016,1,26.5,-4.9531186302486745,41967
47,20,11,2016,1,26.7,-6.90304286701456,39070
48,21,11,2016,0,27.2,5.229076017404658,41113
49,22,11,2016,0,27.5,11.00138642278598,45636
50,23,11,2016,0,26.9,0.3418353931107021,45792
51,24,11,2016,0,19.0,-14.081062194269741,39344
52,25,11,2016,0,18.7,-0.15758438389589266,39282
53,26,11,2016,1,18.6,-2.9835548088182877,38110
54,27,11,2016,1,19.2,-0.543164523747048,37903
55,28,11,2016,0,18.3,0.2453631638656571,37996
56,29,11,2016,0,19.0,13.825139488367196,43249
57,30,11,2016,0,21.0,2.2983190362782957,44243
58,1,12,2016,0,19.7,-11.08649955925231,39338
59,2,12,2016,0,21.3,2.2268544409985256,40214
60,3,12,2016,1,21.7,-1.7953946386830457,39492
61,4,12,2016,1,22.3,-7.279955434011952,36617
62,5,12,2016,0,22.9,24.745336865390392,45678
63,6,12,2016,0,23.0,-10.486448618591009,40888
64,7,12,2016,0,19.6,-1.271766777538642,40368
65,8,12,2016,0,20.3,-1.332738803012287,39830
66,9,12,2016,0,20.6,-0.9013306552849608,39471
67,10,12,2016,1,19.5,-0.7524511666793342,39174
68,11,12,2016,1,20.3,-6.35370398733854,36685
69,12,12,2016,0,22.9,10.75098814229249,40629
70,13,12,2016,0,24.1,5.0185827856949485,42668
71,14,12,2016,0,22.0,-1.7694759538764413,41913
72,15,12,2016,0,17.3,-1.0712666714384558,41464
73,16,12,2016,0,18.0,-2.493729500289408,40430
74,17,12,2016,1,18.1,-1.8377442493198117,39687
75,18,12,2016,1,19.3,-7.166074533222465,36843
76,19,12,2016,0,21.5,7.499389300545559,39606
77,20,12,2016,0,23.3,18.206837347876586,46817
78,21,12,2016,0,24.4,-11.382617425294232,41488
79,22,12,2016,0,21.9,-1.3642499035865792,40922
80,23,12,2016,0,21.2,0.021993059967743516,40931
81,24,12,2016,1,21.6,-2.848696586938994,39765
82,25,12,2016,1,22.8,-4.996856532126242,37778
83,26,12,2016,0,24.1,10.273174863677275,41659
84,27,12,2016,0,19.1,-2.5516695071893234,40596
85,28,12,2016,0,17.4,-0.9705389693565868,40202
86,29,12,2016,0,17.3,-2.6093229192577483,39153
87,30,12,2016,0,17.5,11.761550839016168,43758
88,31,12,2016,1,18.8,-15.68627450980392,36894
89,1,1,2017,1,18.3,-13.403263403263404,31949
90,2,1,2017,0,20.0,13.966008325769193,36411
91,3,1,2017,0,22.5,24.418444975419515,45302
92,4,1,2017,0,22.5,-8.502935852721732,41450
93,5,1,2017,0,20.8,0.3932448733413752,41613
94,6,1,2017,0,21.0,-1.3241054478167882,41062
95,6,1,2017,0,21.0,-1.3241054478167882,41062
96,7,1,2017,1,22.5,-2.7373240465637325,39938
97,7,1,2017,1,22.5,-2.7373240465637325,39938
98,8,1,2017,1,22.9,-2.7041914968200707,38858
99,9,1,2017,0,22.5,4.724895774357918,40694
100,10,1,2017,0,21.2,1.4817909274094458,41297
101,11,1,2017,0,21.4,4.278761169092186,43064
102,12,1,2017,0,15.1,-3.204532788407951,41684
103,13,1,2017,0,14.6,8.336532002686884,45159
104,14,1,2017,1,15.9,-10.702185610841694,40326
105,15,1,2017,1,17.1,-6.529286316520358,37693
106,16,1,2017,0,16.0,7.7574085373942125,40617
107,17,1,2017,0,16.8,1.8809857941256125,41381
108,18,1,2017,0,17.4,0.7708851888547885,41700
109,19,1,2017,0,18.8,8.894484412470025,45409
110,20,1,2017,0,17.9,-9.51133035301372,41090
111,21,1,2017,1,16.0,-3.723533706497932,39560
112,22,1,2017,1,17.2,-8.561678463094035,36173
113,23,1,2017,0,17.6,5.744616150167253,38251
114,24,1,2017,0,18.6,-4.316227026744398,36600
115,24,1,2017,0,18.6,-4.316227026744398,36600
116,25,1,2017,0,21.0,-10.814207650273225,32642
117,25,1,2017,0,21.0,-10.814207650273225,32642
118,26,1,2017,0,21.0,-11.788493352123034,28794
119,27,1,2017,1,20.2,2.194901715635202,29426
120,28,1,2017,1,20.7,-12.709848433358252,25686
121,29,1,2017,1,21.0,-5.481585299384879,24278
122,30,1,2017,1,21.3,-1.717604415520224,23861
123,31,1,2017,1,20.5,5.7751142030929135,25239
124,1,2,2017,1,21.2,9.643805222076942,27673
125,2,2,2017,0,21.1,16.803382358255337,32323
126,3,2,2017,0,20.6,6.336045540327323,34371
127,4,2,2017,1,20.9,-0.2007506328009077,34302
128,5,2,2017,1,21.3,8.355197947641537,37168
129,6,2,2017,0,20.3,-0.1264528626775721,37121
130,7,2,2017,0,22.0,6.1851782010182905,39417
131,8,2,2017,0,21.7,2.2807418119085674,40316
132,9,2,2017,0,17.2,-1.8851076495684096,39556
133,10,2,2017,0,16.2,-2.123571645262413,38716
134,11,2,2017,1,16.0,-1.0434962289492715,38312
135,12,2,2017,1,16.8,-4.860096053455837,36450
136,13,2,2017,0,17.1,7.116598079561043,39044
137,14,2,2017,0,17.9,4.978998053478128,40988
138,15,2,2017,0,18.9,-0.5904167073289743,40746
139,16,2,2017,0,21.4,1.1412163157119717,41211
140,17,2,2017,0,21.9,-0.5605299555943801,40980
141,18,2,2017,1,22.2,-6.329917032698878,38386
142,19,2,2017,1,21.4,-2.5816704006669102,37395
143,20,2,2017,0,22.3,18.331327717609305,44250
144,21,2,2017,0,23.9,-5.868926553672316,41653
145,22,2,2017,0,25.0,2.945766211317312,42880
146,23,2,2017,0,21.3,-5.599347014925373,40479
147,24,2,2017,0,15.9,-0.5187875194545319,40269
148,25,2,2017,1,14.9,-2.6000148997988526,39222
149,28,2,2017,0,18.8,4.3433010103061385,41105
150,1,3,2017,0,16.9,-1.7735068726432306,40376
151,2,3,2017,0,19.6,2.4668119675054485,41372
152,3,3,2017,0,20.4,2.7071449289374456,42492
153,4,3,2017,1,21.5,-7.384919514261508,39354
154,5,3,2017,1,23.0,-1.50937642933374,38760
155,6,3,2017,0,22.0,6.194530443756451,41161
156,7,3,2017,0,17.8,-0.5879351813609971,40919
157,8,3,2017,0,16.4,1.6935897749211857,41612
158,9,3,2017,0,16.7,2.191675478227434,42524
159,10,3,2017,0,19.0,-1.4156711504091808,41922
160,11,3,2017,1,20.5,-4.06469157005868,40218
161,12,3,2017,1,22.5,-2.3670993087672185,39266
162,13,3,2017,0,24.3,7.917791473539449,42375
163,14,3,2017,0,24.9,3.1929203539823012,43728
164,15,3,2017,0,20.3,-2.417215514087084,42671
165,16,3,2017,0,20.7,0.22263363877106235,42766
166,17,3,2017,0,20.9,1.9033811906654816,43580
167,18,3,2017,1,22.8,-3.4625975217989904,42071
168,19,3,2017,1,23.8,-7.803475077844597,38788
169,20,3,2017,0,24.8,14.107455914200267,44260
170,21,3,2017,0,24.7,-2.5915047446904658,43113
171,22,3,2017,0,25.2,1.5818894532971493,43795
172,23,3,2017,0,25.7,3.3222970658750994,45250
173,24,3,2017,0,26.1,-3.2839779005524865,43764
174,25,3,2017,1,22.6,-12.012156110044787,38507
175,26,3,2017,1,19.6,-4.508271223413924,36771
176,27,3,2017,0,19.3,8.580131081558836,39926
177,28,3,2017,0,21.5,3.9322747082101888,41496
178,29,3,2017,0,21.8,-4.610082899556583,39583
179,30,3,2017,0,24.4,4.600459793345628,41404
180,31,3,2017,0,21.7,-0.26325958844556085,41295
181,1,4,2017,1,21.8,-6.644872260564232,38551
182,2,4,2017,1,20.9,-7.452465565095588,35678
183,5,4,2017,0,23.6,0.9141551206970432,42390
184,6,4,2017,1,24.7,-11.656050955414011,37449
185,7,4,2017,0,25.1,12.390183983550964,42089
186,8,4,2017,1,25.6,0.15205873268549974,42153
187,9,4,2017,1,26.8,-0.8587763622992431,41791
188,10,4,2017,0,27.7,15.17312339977507,48132
189,11,4,2017,0,28.7,5.198204936424832,50634
190,14,4,2017,0,23.6,-1.094289388777329,43836
191,15,4,2017,1,24.5,-3.234784195638289,42418
192,16,4,2017,1,26.0,-1.159884954500448,41926
193,17,4,2017,0,26.8,8.848924295186759,45636
194,18,4,2017,0,23.4,-3.5169602945043383,44031
195,19,4,2017,0,26.2,9.336603756444322,48142
196,20,4,2017,0,29.0,7.0042790079348585,51514
197,21,4,2017,0,28.3,1.028846527157666,52044
198,22,4,2017,1,22.7,0.0,52044
199,23,4,2017,1,21.6,-27.26154792098993,37856
200,24,4,2017,0,23.1,14.86422231614539,43483
201,25,4,2017,0,25.2,4.5558034174275,45464
202,26,4,2017,0,26.9,4.295706493049447,47417
203,27,4,2017,0,24.4,-4.489950861505367,45288
204,28,4,2017,0,23.9,-2.0491079314608727,44360
205,29,4,2017,1,24.9,-8.518935978358883,40581
206,30,4,2017,1,25.0,-16.707326088563615,33801
207,1,5,2017,1,27.7,-0.22484541877459246,33725
208,2,5,2017,0,28.4,24.112676056338028,41857
209,3,5,2017,0,29.0,21.198365864729915,50730
210,4,5,2017,0,29.7,5.742164399763454,53643
211,5,5,2017,0,27.8,-3.400257256305576,51819
212,6,5,2017,1,26.9,-4.376772998321078,49551
213,7,5,2017,1,28.1,-6.819236745978889,46172
214,8,5,2017,0,28.6,12.47725894481504,51933
215,9,5,2017,0,28.8,3.4043864209654746,53701
216,10,5,2017,0,28.3,1.1861976499506526,54338
217,11,5,2017,0,28.7,0.9183260333468292,54837
218,12,5,2017,0,25.8,-8.900924558236227,49956
219,13,5,2017,1,27.5,-5.270638161582194,47323
220,14,5,2017,1,28.4,-3.657840796230163,45592
221,15,5,2017,0,27.7,15.37111773995438,52600
222,16,5,2017,0,28.7,-0.09695817490494296,52549
223,17,5,2017,0,26.2,-3.2445907629070008,50844
224,18,5,2017,0,22.8,-9.483911572653607,46022
225,19,5,2017,0,21.7,-5.4734692103776466,43503
226,20,5,2017,1,25.8,-2.7883134496471507,42290
227,21,5,2017,1,26.6,3.551667060770868,43792
228,22,5,2017,0,29.1,20.334764340518817,52697
229,23,5,2017,0,30.1,10.118223048750403,58029
230,24,5,2017,0,27.6,-2.4970273483947683,56580
231,25,5,2017,0,26.6,-12.29939908094733,49621
232,26,5,2017,0,28.1,-1.0217448257794075,49114
233,27,5,2017,1,27.6,-1.011931424848312,48617
234,28,5,2017,1,27.8,-7.067486681613428,45181
235,29,5,2017,0,28.6,8.753679644098183,49136
236,30,5,2017,0,29.1,0.20351676978182998,49236
237,31,5,2017,0,30.0,21.18165569908197,59665
238,1,6,2017,0,32.5,5.49568423698986,62944
239,2,6,2017,0,34.6,13.820221148957806,71643
240,3,6,2017,1,36.1,-0.7830492860432979,71082
241,4,6,2017,1,36.2,0.6260375341155285,71527
242,5,6,2017,0,35.0,7.756511527115634,77075
243,6,6,2017,0,31.0,-10.314628608498216,69125
244,7,6,2017,0,26.2,-24.15623869801085,52427
245,8,6,2017,0,28.7,6.7961165048543695,55990
246,9,6,2017,0,29.1,0.3143418467583497,56166
247,10,6,2017,1,29.7,-5.5674251326425255,53039
248,11,6,2017,1,30.1,-3.6331755877750336,51112
249,12,6,2017,0,30.7,14.423227422131788,58484
250,13,6,2017,0,29.5,-2.5733533958005608,56979
251,14,6,2017,0,28.3,-4.208568068937678,54581
252,15,6,2017,0,30.7,7.464135871457101,58655
253,16,6,2017,0,31.6,3.4472764470207142,60677
254,17,6,2017,1,27.7,-16.325790662030094,50771
255,18,6,2017,1,27.7,-9.909200133934727,45740
256,19,6,2017,0,28.6,13.714473108876257,52013
257,20,6,2017,0,28.6,1.397727491204122,52740
258,21,6,2017,0,30.1,6.780432309442547,56316
259,22,6,2017,0,30.8,6.115491157042404,59760
260,23,6,2017,0,30.6,-0.0050200803212851405,59757
261,24,6,2017,1,31.2,-4.409525243904478,57122
262,25,6,2017,1,28.5,-9.250376387381396,51838
263,26,6,2017,0,29.5,8.470620008487982,56229
264,27,6,2017,0,30.1,2.715680520727738,57756
265,28,6,2017,0,29.1,-1.502874160260406,56888
266,29,6,2017,0,28.5,-0.9158346224159752,56367
267,30,6,2017,0,28.9,-11.237071336065428,50033
268,1,7,2017,1,30.4,5.616293246457339,52843
269,2,7,2017,1,30.4,-3.0240523815831803,51245
270,3,7,2017,0,29.6,11.171821641135722,56970
271,4,7,2017,0,29.7,0.3545725820607337,57172
272,5,7,2017,0,29.3,-1.9187714265724485,56075
273,6,7,2017,0,29.6,2.6107891217119934,57539
274,7,7,2017,0,28.9,-1.2843462694867829,56800
275,8,7,2017,1,27.1,-10.40669014084507,50889
276,9,7,2017,1,29.3,-4.350645522608029,48675
277,10,7,2017,0,29.3,12.949152542372882,54978
278,11,7,2017,0,27.6,-3.6741969515078767,52958
279,12,7,2017,0,27.5,-1.223611163563579,52310
280,13,7,2017,0,27.9,1.0858344484802145,52878
281,14,7,2017,0,28.6,2.477400809410341,54188
282,15,7,2017,1,27.6,-6.0124012696537985,50930
283,16,7,2017,1,28.4,-6.946789711368545,47392
284,17,7,2017,0,26.7,3.0996792707629983,48861
285,18,7,2017,0,27.1,2.912343177585395,50284
286,19,7,2017,0,27.0,0.5647919815448253,50568
287,20,7,2017,0,27.0,0.16413542161050468,50651
288,21,7,2017,0,27.2,-0.8805354287180905,50205
289,22,7,2017,1,29.0,-3.0873418982173084,48655
290,23,7,2017,1,29.3,-1.0153118898366047,48161
291,24,7,2017,0,30.0,16.791594858910734,56248
292,25,7,2017,0,28.5,-14.04316597923482,48349
293,26,7,2017,0,29.2,14.829675898157149,55519
294,27,7,2017,0,30.3,4.951458059403088,58268
295,28,7,2017,0,30.8,2.854053682982083,59931
296,29,7,2017,1,30.9,-1.4516694198328075,59061
297,30,7,2017,1,32.2,2.974890367586055,60818
298,31,7,2017,0,33.4,11.641290407445164,67898
299,1,8,2017,0,28.3,-12.05042858405255,59716
300,2,8,2017,0,30.3,-0.5191238529037444,59406
301,3,8,2017,0,27.9,-8.925024408308925,54104
302,4,8,2017,0,28.2,-3.328774212627532,52303
303,5,8,2017,1,27.8,-5.500640498632967,49426
304,6,8,2017,1,29.4,0.8720106826366691,49857
305,7,8,2017,0,30.0,14.722105220931866,57197
306,8,8,2017,0,31.9,10.794272426875537,63371
307,9,8,2017,0,32.6,5.270549620488867,66711
308,10,8,2017,0,30.9,-3.3142959931645457,64500
309,11,8,2017,0,32.1,1.8062015503875968,65665
310,12,8,2017,1,31.3,-5.7686743318358324,61877
311,13,8,2017,1,30.9,-5.551335714401151,58442
312,14,8,2017,0,31.3,9.169775161698778,63801
313,15,8,2017,0,26.3,-14.977821664237235,54245
314,16,8,2017,0,26.7,-4.0667342612222335,52039
315,17,8,2017,0,26.1,-3.4762389746151925,50230
316,18,8,2017,0,26.6,2.6975910810272747,51585
317,19,8,2017,1,28.0,-0.8141901715615005,51165
318,20,8,2017,1,29.4,-1.3388058242939511,50480
319,21,8,2017,0,30.3,12.095879556259904,56586
320,22,8,2017,0,31.1,17.629802424628,66562
321,25,8,2017,0,28.4,-0.056805467095863524,58060
322,26,8,2017,1,28.1,-3.899414398897693,55796
323,27,8,2017,1,28.7,-2.6077138146103658,54341
324,28,8,2017,0,29.3,13.334314789937615,61587
325,29,8,2017,0,27.4,-3.848214720639096,59217
326,30,8,2017,0,26.9,-4.105240049310164,56786
327,31,8,2017,0,29.1,1.8349593209593915,57828
328,1,9,2017,0,30.0,-3.3271079753752506,55904
329,2,9,2017,1,30.9,-10.292644533485976,50150
330,3,9,2017,1,29.4,-0.35493519441674976,49972
331,6,9,2017,0,30.2,8.86693603615943,63587
332,7,9,2017,0,28.8,-5.810936197650462,59892
333,8,9,2017,0,27.8,-10.218393107593668,53772
334,9,9,2017,1,28.1,-4.3889012869151225,51412
335,10,9,2017,1,28.1,-5.7379600093363425,48462
336,11,9,2017,0,28.0,9.8200652057282,53221
337,12,9,2017,0,28.8,4.329118205219744,55525
338,13,9,2017,0,30.1,0.9437190454750112,56049
339,14,9,2017,0,28.9,-0.5530874770290282,55739
340,15,9,2017,0,28.0,-5.968890722833206,52412
341,16,9,2017,1,25.4,-10.944058612531482,46676
342,19,9,2017,0,31.0,5.990741745325668,58615
343,20,9,2017,0,29.4,-1.4484347010150986,57766
344,21,9,2017,0,29.7,1.244676799501437,58485
345,22,9,2017,0,28.7,-3.2059502436522185,56610
346,23,9,2017,1,28.9,-6.202084437378554,53099
347,24,9,2017,1,29.9,-0.2071602101734496,52989
348,25,9,2017,0,27.5,2.9949612183660763,54576
349,26,9,2017,0,28.9,-0.4434183523893287,54334
350,27,9,2017,0,29.3,4.9490190304413435,57023
351,28,9,2017,0,30.0,2.8356978762955296,58640
352,29,9,2017,0,29.0,1.023192360163711,59240
353,30,9,2017,1,28.4,-5.903106009453072,55743
354,1,10,2017,1,28.9,-8.993057424250578,50730
355,2,10,2017,0,29.2,11.545436625271044,56587
356,3,10,2017,0,26.5,-11.610440560552778,50017
357,4,10,2017,0,27.2,5.360177539636524,52698
358,5,10,2017,0,26.3,-0.2637671258871305,52559
359,6,10,2017,0,26.9,-1.7941741661751558,51616
360,7,10,2017,1,25.9,-8.733725976441413,47108
361,8,10,2017,1,27.0,-4.922730746370044,44789
362,9,10,2017,0,28.0,15.932483422268861,51925
363,10,10,2017,0,26.2,-3.204622051035147,50261
364,11,10,2017,0,25.8,-0.9828694216191479,49767
365,12,10,2017,0,26.5,0.8298671810637571,50180
366,13,10,2017,0,26.2,-3.1685930649661223,48590
367,14,10,2017,1,26.3,-6.184400082321465,45585
368,15,10,2017,1,26.8,-8.116705056487879,41885
369,16,10,2017,0,22.6,3.9226453384266446,43528
370,17,10,2017,0,21.4,-3.289836427127366,42096
371,18,10,2017,0,21.0,0.5392436335993919,42323
372,19,10,2017,0,23.3,1.5996030527136544,43000
373,20,10,2017,0,25.7,0.6813953488372093,43293
374,21,10,2017,1,26.3,0.951655001963366,43705
375,22,10,2017,1,25.5,-5.754490332913853,41190
376,23,10,2017,0,24.4,3.5566885166302504,42655
377,24,10,2017,0,23.7,1.873168444496542,43454
378,25,10,2017,0,24.9,2.1171813872140657,44374
379,26,10,2017,0,25.6,2.107089737233515,45309
380,27,10,2017,0,25.8,1.7987596283299123,46124
381,28,10,2017,1,26.1,-4.219061659873383,44178
382,29,10,2017,1,25.8,-8.70795418534112,40331
383,30,10,2017,0,23.9,5.744960452257567,42648
384,31,10,2017,0,22.4,-0.29778653160757834,42521
385,1,11,2017,0,22.4,5.893558476987841,45027
386,2,11,2017,0,23.5,1.872210007328936,45870
387,3,11,2017,0,24.7,-0.5079572705471986,45637
388,4,11,2017,1,24.0,-6.098122137739114,42854
389,5,11,2017,1,23.0,-7.040182946749427,39837
390,6,11,2017,0,22.8,7.879609408338982,42976
391,7,11,2017,0,22.2,-4.839910647803425,40896
392,10,11,2017,0,24.2,3.5244382149477773,45793
393,11,11,2017,1,25.7,-3.0004585853733103,44419
394,12,11,2017,1,25.5,-6.5287377023345865,41519
395,13,11,2017,0,25.9,12.717069293576436,46799
396,14,11,2017,0,26.1,3.2564798393128056,48323
397,15,11,2017,0,26.0,0.3683546137450076,48501
398,16,11,2017,0,26.4,1.7195521741819757,49335
399,17,11,2017,0,27.5,2.7384209992905646,50686
400,18,11,2017,1,25.9,-9.51939391547962,45861
401,19,11,2017,1,20.4,-14.720568674908964,39110
402,20,11,2017,0,19.5,7.297366402454615,41964
403,21,11,2017,0,18.6,0.2478314745972739,42068
404,22,11,2017,0,18.1,-0.159265950366074,42001
405,23,11,2017,0,18.1,-0.485702721363777,41797
406,24,11,2017,0,15.5,-0.23925162092973185,41697
407,25,11,2017,1,15.4,-3.933136676499508,40057
408,26,11,2017,1,17.5,-6.330978355842924,37521
409,27,11,2017,0,18.9,8.821726499826761,40831
410,28,11,2017,0,20.9,2.390340672528226,41807
411,29,11,2017,0,22.7,1.0548472743798885,42248
412,30,11,2017,0,23.1,-0.4307896231774285,42066
413,3,12,2017,1,20.2,-4.060348319157554,37900
414,4,12,2017,0,21.2,12.319261213720315,42569
415,5,12,2017,0,20.3,1.1792619042025887,43071
416,6,12,2017,0,20.2,0.19502681618722573,43155
417,7,12,2017,0,20.1,0.7878577221642915,43495
418,8,12,2017,0,19.3,-0.6046672031267961,43232
419,9,12,2017,1,17.7,-3.2799777942264985,41814
420,10,12,2017,1,16.9,-6.827856698713349,38959
421,11,12,2017,0,17.2,9.776944993454658,42768
422,12,12,2017,0,16.0,2.642162364384587,43898
423,13,12,2017,0,15.8,1.81557246343797,44695
424,14,12,2017,0,16.7,0.4899876943729724,44914
425,15,12,2017,0,16.6,-0.05120897715634323,44891
426,16,12,2017,1,18.1,-4.426276982023122,42904
427,17,12,2017,1,15.7,-6.808223009509603,39983
428,18,12,2017,0,15.0,9.171397844083735,43650
429,19,12,2017,0,14.8,1.5097365406643757,44309
430,20,12,2017,0,14.1,0.8305310433546231,44677
431,21,12,2017,0,16.0,-0.5259977169460796,44442
432,22,12,2017,0,17.5,-1.1768147248098646,43919
433,23,12,2017,1,16.7,-3.654454791775769,42314
434,24,12,2017,1,18.8,-6.964598005388288,39367
435,25,12,2017,0,16.5,3.6096222724617055,40788
436,28,12,2017,0,15.9,0.890783266684227,42133
437,29,12,2017,0,17.9,13.554695844112695,47844
438,30,12,2017,1,18.3,-3.774767995986958,46038
439,31,12,2017,1,17.7,-0.6885616230070811,45721
440,1,1,2018,1,17.7,-21.84116707858533,35735
441,2,1,2018,0,18.0,19.43192948090108,42679
442,3,1,2018,0,19.4,6.905035263244219,45626
443,4,1,2018,0,19.9,0.9534037610134573,46061
444,5,1,2018,0,20.5,0.11289377130327174,46113
445,6,1,2018,1,20.1,-3.84273415305879,44341
446,7,1,2018,1,20.3,-6.3643129383640415,41519
447,8,1,2018,0,18.0,9.263228883161926,45365
448,9,1,2018,0,11.9,4.19486388184724,47268
449,10,1,2018,0,13.7,1.4237962257764238,47941
450,11,1,2018,0,14.4,-0.3566884295279614,47770
451,12,1,2018,0,15.2,-1.2643918777475402,47166
452,13,1,2018,1,15.0,-3.814188186405461,45367
453,14,1,2018,1,16.0,-5.664910617849978,42797
454,15,1,2018,0,17.1,7.7108208519288715,46097
455,16,1,2018,0,17.5,3.130355554591405,47540
456,17,1,2018,0,19.5,-0.5237694572991165,47291
457,18,1,2018,0,19.7,-0.6216827726205831,46997
458,19,1,2018,0,21.6,-0.16171244973083387,46921
459,20,1,2018,1,19.9,-4.2305151211611,44936
460,21,1,2018,1,20.9,-6.079757877870749,42204
461,22,1,2018,0,21.2,7.641455786181403,45429
462,23,1,2018,0,21.5,1.659732769816637,46183
463,24,1,2018,0,22.0,0.8293094861745663,46566
464,25,1,2018,0,23.3,0.8955031568096895,46983
465,26,1,2018,0,21.2,-2.5392163122831666,45790
466,27,1,2018,1,18.4,-9.207250491373662,41574
467,28,1,2018,1,15.5,-1.486505989320248,40956
468,29,1,2018,0,12.4,12.78200996191034,46191
469,30,1,2018,0,11.3,5.8994176354701136,48916
470,31,1,2018,0,11.7,2.079074331507073,49933
471,1,2,2018,0,13.8,-2.020707748382833,48924
472,2,2,2018,0,13.9,-0.42310522442972776,48717
473,3,2,2018,1,14.3,-4.047868300593223,46745
474,4,2,2018,1,14.0,-5.840196812493313,44015
475,5,2,2018,0,13.3,7.99727365670794,47535
476,6,2,2018,0,13.1,1.5504365204586097,48272
477,7,2,2018,0,14.1,0.08700696055684454,48314
478,8,2,2018,0,14.7,-1.5482054890921886,47566
479,9,2,2018,0,15.6,-4.072236471429172,45629
480,10,2,2018,1,16.5,-5.329943676170856,43197
481,11,2,2018,1,15.8,-8.83626177743825,39380
482,12,2,2018,0,14.1,0.8760792280345353,39725
483,13,2,2018,0,15.8,-9.29641283826306,36032
484,14,2,2018,1,17.4,-11.989342806394315,31712
485,15,2,2018,1,19.6,8.009586276488395,34252
486,16,2,2018,1,20.8,-19.315660399392733,27636
487,17,2,2018,1,21.3,-2.525691127514836,26938
488,18,2,2018,1,20.5,1.1062439676293712,27236
489,19,2,2018,1,21.3,5.3935967102364515,28705
490,20,2,2018,1,22.4,9.089008883469779,31314
491,21,2,2018,0,22.6,18.56358178450533,37127
492,22,2,2018,0,18.7,4.807821800845746,38912
493,23,2,2018,0,15.8,3.1841077302631584,40151
494,24,2,2018,1,16.6,-0.09464272371796467,40113
495,25,2,2018,1,17.9,-3.2832248896866347,38796
496,26,2,2018,0,18.9,9.524177750283537,42491
497,27,2,2018,0,19.7,2.3087242004189124,43472
498,28,2,2018,0,21.9,0.9247331615752667,43874
499,1,3,2018,0,23.2,-2.7624561243561105,42662
500,2,3,2018,0,23.2,4.758332942665604,44692
501,3,3,2018,1,24.4,-3.5912467555714667,43087
502,4,3,2018,1,25.8,-3.7830436094413633,41457
503,5,3,2018,0,25.5,13.122030055237955,46897
504,6,3,2018,0,25.3,2.0235835980979595,47846
505,7,3,2018,0,24.4,0.6374618567905362,48151
506,8,3,2018,0,19.6,-8.122365059915682,44240
507,9,3,2018,0,19.1,-0.19213381555153705,44155
508,10,3,2018,1,18.1,-4.964330200430302,41963
509,11,3,2018,1,18.6,-6.052951409575102,39423
510,12,3,2018,0,19.4,11.206656012987345,43841
511,13,3,2018,0,19.3,3.6883282771834582,45458
512,14,3,2018,0,21.2,1.2517048704298472,46027
513,15,3,2018,0,23.4,1.4969474438916288,46716
514,16,3,2018,0,23.1,-0.22476239404058568,46611
515,17,3,2018,1,23.2,-7.272961318143786,43221
516,18,3,2018,1,23.4,-4.428402859720968,41307
517,19,3,2018,0,24.9,13.883845353087851,47042
518,20,3,2018,0,23.2,-1.294587815143914,46433
519,21,3,2018,0,20.9,-2.7265091637413046,45167
520,22,3,2018,0,20.3,-0.12398432483893107,45111
521,23,3,2018,0,21.1,0.5275875063731684,45349
522,24,3,2018,1,21.4,-3.1246554499547945,43932
523,25,3,2018,1,22.1,-7.247564417736503,40748
524,26,3,2018,0,22.8,11.279081181898498,45344
525,27,3,2018,1,23.1,3.2242413549753,46806
526,28,3,2018,0,23.8,0.17305473657223433,46887
527,29,3,2018,0,24.5,1.9045790944184957,47780
528,30,3,2018,0,24.1,-1.1866889912097112,47213
529,31,3,2018,1,24.3,-5.121470781352593,44795
530,1,4,2018,1,24.7,-7.3780555865610005,41490
531,2,4,2018,0,24.8,15.367558447818752,47866
532,3,4,2018,0,24.3,0.883717043412861,48289
533,4,4,2018,0,24.7,0.15531487502329724,48364
534,5,4,2018,0,24.8,0.2749979323463733,48497
535,6,4,2018,0,21.6,-5.293110914077159,45930
536,7,4,2018,1,19.8,-7.396037448290877,42533
537,8,4,2018,1,19.5,-6.752404015705452,39661
538,9,4,2018,0,21.0,12.029449585234866,44432
539,10,4,2018,0,22.4,3.927349657904213,46177
540,11,4,2018,0,24.3,3.0101565714533214,47567
541,12,4,2018,0,24.8,2.4765068219563977,48745
542,13,4,2018,0,25.7,2.0125141040106675,49726
543,14,4,2018,1,25.6,-3.736475887865503,47868
544,15,4,2018,1,22.0,-13.938330408623715,41196
545,16,4,2018,0,21.0,9.078551315661716,44936
546,17,4,2018,0,22.8,3.1934306569343067,46371
547,18,4,2018,0,23.1,0.3579823596644455,46537
548,19,4,2018,0,24.0,1.637406794593549,47299
549,20,4,2018,0,25.4,3.241083321000444,48832
550,21,4,2018,1,27.0,-0.18840104849279166,48740
551,22,4,2018,1,26.8,-5.8678703323758725,45880
552,23,4,2018,0,27.0,13.010026155187445,51849
553,24,4,2018,0,26.8,0.9026210727304288,52317
554,25,4,2018,0,24.4,-16.528088384272802,43670
555,26,4,2018,0,25.4,10.68239065720174,48335
556,27,4,2018,0,23.2,-4.348815558084204,46233
557,30,4,2018,1,26.7,-5.513499547862033,36571
558,1,5,2018,1,28.2,7.415711902873862,39283
559,2,5,2018,0,27.5,24.985362625054087,49098
560,3,5,2018,0,26.0,2.4176137520876613,50285
561,4,5,2018,0,27.6,4.1801730138212205,52387
562,5,5,2018,1,27.6,-1.3400271059614026,51685
563,6,5,2018,1,29.2,-2.4436490277643417,50422
564,7,5,2018,0,31.2,22.297806513030032,61665
565,8,5,2018,0,30.9,5.542852509527284,65083
566,9,5,2018,0,29.8,-3.083754590292396,63076
567,10,5,2018,0,27.5,-6.996321897393622,58663
568,11,5,2018,0,27.9,-0.6665189301604078,58272
569,12,5,2018,1,27.9,-10.766749038989566,51998
570,13,5,2018,1,26.2,-8.538789953459746,47558
571,14,5,2018,0,28.5,22.292779343117882,58160
572,15,5,2018,0,29.4,6.057427785419532,61683
573,16,5,2018,0,30.3,5.789277434625424,65254
574,17,5,2018,0,30.7,2.2895148190149257,66748
575,18,5,2018,0,28.6,-4.031581470605862,64057
576,19,5,2018,1,29.1,-8.275442184304604,58756
577,20,5,2018,1,29.8,-3.4975151473892025,56701
578,21,5,2018,0,28.9,9.881659935450873,62304
579,22,5,2018,0,29.6,0.954994863893169,62899
580,23,5,2018,0,29.7,2.756800585064945,64633
581,24,5,2018,0,30.1,2.3873253601101605,66176
582,25,5,2018,0,31.3,3.0146881044487426,68171
583,26,5,2018,1,31.7,-3.8638130583385895,65537
584,27,5,2018,1,28.3,-16.338862016875964,54829
585,28,5,2018,0,25.6,-3.952288022761677,52662
586,29,5,2018,0,28.9,6.420189130682466,56043
587,30,5,2018,0,29.4,7.601306139928269,60303
588,31,5,2018,0,30.1,3.1358307215229764,62194
589,1,6,2018,0,27.2,-6.341447728076662,58250
590,2,6,2018,1,27.6,-6.983690987124463,54182
591,3,6,2018,1,29.2,-3.320290871507143,52383
592,4,6,2018,0,29.6,17.467498997766448,61533
593,5,6,2018,0,28.6,-5.424731444915737,58195
594,6,6,2018,0,30.5,9.736231635020193,63861
595,7,6,2018,0,31.6,8.141118992812514,69060
596,8,6,2018,0,32.1,2.6093252244425136,70862
597,9,6,2018,1,28.9,-10.815387654878498,63198
598,10,6,2018,1,30.5,-10.804139371499096,56370
599,11,6,2018,0,28.6,10.686535391165512,62394
600,12,6,2018,0,30.4,3.5548289899669836,64612
601,13,6,2018,0,31.3,3.8522255927691447,67101
602,14,6,2018,0,31.1,1.8777663522153167,68361
603,15,6,2018,0,27.5,-12.935738213308758,59518
604,16,6,2018,1,28.0,-5.863772304176887,56028
605,17,6,2018,1,28.2,-9.58984793317627,50655
606,18,6,2018,0,30.1,23.490277366498862,62554
607,19,6,2018,0,30.3,8.546216069316111,67900
608,20,6,2018,0,30.9,2.48159057437408,69585
609,21,6,2018,0,31.8,1.0663217647481498,70327
610,22,6,2018,0,33.0,7.795014716965035,75809
611,23,6,2018,1,32.6,-5.268503739661519,71815
612,24,6,2018,1,31.3,-11.508737728886723,63550
613,25,6,2018,0,29.2,1.4744295830055074,64487
614,26,6,2018,0,28.7,-5.287887481197762,61077
615,27,6,2018,0,26.2,-8.644825384350902,55797
616,28,6,2018,0,29.4,6.919726867035863,59658
617,29,6,2018,0,31.7,11.227329109256091,66356
618,30,6,2018,1,32.7,3.539996383145458,68705
619,1,7,2018,1,33.2,0.7277490721199329,69205
620,2,7,2018,0,34.2,16.686655588469037,80753
621,3,7,2018,0,34.7,3.954032667516996,83946
622,4,7,2018,0,34.4,1.9929478474257256,85619
623,5,7,2018,0,34.6,1.8395449608147725,87194
624,6,7,2018,0,33.7,-2.293735807509691,85194
625,7,7,2018,1,29.8,-17.252388665868487,70496
626,8,7,2018,1,29.0,-19.711756695415342,56600
627,9,7,2018,0,29.3,10.579505300353356,62588
628,10,7,2018,0,29.1,-1.8294241707675596,61443
629,11,7,2018,0,29.8,4.610777468548085,64276
630,12,7,2018,0,31.4,8.2908083888232,69605
631,13,7,2018,0,30.0,-5.582932260613462,65719
632,14,7,2018,1,27.8,-13.967041494849287,56540
633,15,7,2018,1,26.9,-14.230633180049525,48494
634,16,7,2018,0,28.4,12.754155153214828,54679
635,17,7,2018,0,27.2,2.3647104007022803,55972
636,18,7,2018,0,28.0,0.0929035946544701,56024
637,19,7,2018,0,27.0,-2.893402827359703,54403
638,20,7,2018,0,27.5,-0.9558296417476976,53883
639,21,7,2018,1,26.0,-9.320193753131782,48861
640,22,7,2018,1,29.4,0.3049466854955896,49010
641,23,7,2018,0,30.8,23.19526627218935,60378
642,24,7,2018,0,30.4,4.331047732617841,62993
643,25,7,2018,0,28.6,-2.9177845157398443,61155
644,26,7,2018,0,27.5,-5.162292535360969,57998
645,27,7,2018,0,26.1,-5.3415635021897305,54900
646,28,7,2018,1,27.6,-5.457194899817852,51904
647,29,7,2018,1,27.9,-6.234586929716398,48668
648,30,7,2018,0,27.5,14.985205884770279,55961
649,31,7,2018,0,27.6,0.8488054180590053,56436
650,1,8,2018,0,28.2,0.3260330285633284,56620
651,2,8,2018,0,27.9,0.837160014129283,57094
652,3,8,2018,0,28.4,0.2452096542543875,57234
653,4,8,2018,1,27.4,-8.086102666247335,52606
654,5,8,2018,1,27.1,-9.957039121012812,47368
655,6,8,2018,0,28.7,20.055733828745144,56868
656,7,8,2018,0,28.3,2.984103538017866,58565
657,8,8,2018,0,29.3,3.182788354819431,60429
658,9,8,2018,0,29.1,0.8025947806516739,60914
659,10,8,2018,0,30.1,3.0222937255803264,62755
660,11,8,2018,1,31.0,-0.2135288024858577,62621
661,12,8,2018,1,28.5,-11.53606617588349,55397
662,13,8,2018,0,29.8,15.692185497409609,64090
663,14,8,2018,0,30.8,6.581369948509908,68308
664,15,8,2018,0,29.1,-9.569889324822864,61771
665,16,8,2018,0,27.2,-6.171180651114602,57959
666,17,8,2018,0,27.4,-3.5904691247261,55878
667,18,8,2018,1,27.0,-6.669887970220838,52151
668,19,8,2018,1,29.0,-0.7190657897259879,51776
669,20,8,2018,0,30.6,23.423980222496912,63904
670,21,8,2018,0,29.9,1.3692413620430646,64779
671,22,8,2018,0,29.0,-0.08027292795504716,64727
672,23,8,2018,0,29.7,0.9578692045050752,65347
673,24,8,2018,0,30.2,-2.1102728510872732,63968
674,25,8,2018,1,28.9,-8.821598299149574,58325
675,26,8,2018,1,29.6,-3.1873124732104587,56466
676,27,8,2018,0,29.8,13.432862253391425,64051
677,28,8,2018,0,25.8,-10.844483302368426,57105
678,29,8,2018,0,25.7,-5.771823833289554,53809
679,30,8,2018,0,26.0,0.1189392109126726,53873
680,31,8,2018,0,28.9,4.2507378464165715,56163
681,1,9,2018,1,30.4,-6.3849865569859166,52577
682,2,9,2018,1,28.2,-17.273712840215303,43495
683,3,9,2018,1,26.2,2.0117254856880105,44370
684,4,9,2018,0,28.5,27.01825557809331,56358
685,5,9,2018,0,30.5,11.739238439973027,62974
686,6,9,2018,0,31.3,7.201384698446977,67509
687,7,9,2018,0,30.0,-3.0025626212801257,65482
688,8,9,2018,1,28.6,-16.943587550777313,54387
689,9,9,2018,1,27.8,-9.197050765808005,49385
690,10,9,2018,0,27.5,11.977321048901489,55300
691,11,9,2018,0,28.6,4.419529837251356,57744
692,12,9,2018,0,29.0,3.5761291216403435,59809
693,13,9,2018,0,29.4,1.7656205587787792,60865
694,14,9,2018,0,28.0,-3.2514581450751665,58886
695,15,9,2018,1,29.2,-2.1668987535237583,57610
696,16,9,2018,1,31.0,0.16663773650407915,57706
697,17,9,2018,0,28.7,2.7224205455238617,59277
698,18,9,2018,0,25.9,-6.619768206893061,55353
699,19,9,2018,0,26.1,-1.895109569490362,54304
700,20,9,2018,0,28.7,6.590674720094284,57883
701,21,9,2018,0,28.8,2.591434445346648,59383
702,22,9,2018,1,29.5,-2.3845208224576058,57967
703,23,9,2018,1,29.2,-6.831473079510758,54007
704,24,9,2018,0,29.5,12.987205362267856,61021
705,25,9,2018,0,29.6,4.046148047393522,63490
706,26,9,2018,0,29.1,-1.9184123484013234,62272
707,27,9,2018,0,26.5,-8.535136176772868,56957
708,28,9,2018,0,24.9,-9.350913847288307,51631
709,29,9,2018,1,26.5,-4.996997927601635,49051
710,30,9,2018,1,27.4,-5.170129049356792,46515
711,1,10,2018,0,26.9,15.64871546812856,53794
712,2,10,2018,0,26.7,2.2790645796929025,55020
713,3,10,2018,0,26.9,-0.029080334423845867,55004
714,4,10,2018,0,27.2,1.0944658570285797,55606
715,5,10,2018,0,26.4,-0.4513901377549186,55355
716,6,10,2018,1,26.6,-4.341071267274862,52952
717,7,10,2018,1,27.6,-7.2801782746638475,49097
718,8,10,2018,0,27.4,13.76866203637697,55857
719,9,10,2018,0,27.8,2.2844048194496662,57133
720,10,10,2018,0,21.1,-15.325643673533685,48377
721,11,10,2018,0,23.5,-1.4283647187713169,47686
722,12,10,2018,0,24.8,1.2246781025877616,48270
723,13,10,2018,1,24.9,-2.7615496167391758,46937
724,14,10,2018,1,27.2,-2.160342586871764,45923
725,15,10,2018,0,28.4,21.270387387583565,55691
726,16,10,2018,0,22.6,-11.157996803792352,49477
727,17,10,2018,0,21.9,-3.5794409523617032,47706
728,18,10,2018,0,21.5,-1.182241227518551,47142
729,19,10,2018,0,22.2,0.4242501378812948,47342
730,20,10,2018,1,24.6,-1.0730429639643446,46834
731,21,10,2018,1,27.4,-1.716701541615066,46030
732,22,10,2018,0,27.1,14.518792092113838,52713
733,23,10,2018,0,24.6,-3.025819057917402,51118
734,24,10,2018,0,23.5,-2.4805352322078327,49850
735,25,10,2018,0,27.2,6.6399197592778325,53160
736,26,10,2018,0,27.4,0.8860045146726861,53631
737,27,10,2018,1,24.9,-12.876880908429825,46725
738,28,10,2018,1,25.0,-7.120385232744782,43398
739,29,10,2018,0,26.0,15.111295451403288,49956
740,30,10,2018,0,25.5,1.6574585635359116,50784
741,31,10,2018,0,25.4,-2.209357277882797,49662
742,1,11,2018,0,23.5,-2.0236800773227013,48657
743,2,11,2018,0,22.8,-0.92278603284214,48208
744,3,11,2018,1,22.9,-3.4662296714238297,46537
745,4,11,2018,1,23.9,-6.405655714807573,43556
746,5,11,2018,0,25.6,15.336578198181654,50236
747,6,11,2018,0,26.3,3.871725455848395,52181
748,7,11,2018,0,26.8,1.5235430520687607,52976
749,8,11,2018,0,24.6,-6.106538810027182,49741
750,9,11,2018,0,22.0,-3.833859391648741,47834
751,10,11,2018,1,22.5,-4.7455784588368095,45564
752,11,11,2018,1,24.3,-4.865683434290228,43347
753,12,11,2018,0,23.9,11.878561376796545,48496
754,13,11,2018,0,24.7,3.138403167271527,50018
755,14,11,2018,0,25.3,1.7213803030908872,50879
756,15,11,2018,0,26.3,2.7359028282788582,52271
757,16,11,2018,0,26.9,0.08417669453425418,52315
758,17,11,2018,1,26.6,-5.260441555959093,49563
759,18,11,2018,1,26.6,-7.394629057966629,45898
760,19,11,2018,0,23.3,5.083010152947841,48231
761,20,11,2018,0,24.8,4.781157346934544,50537
762,21,11,2018,0,26.6,2.032174446445179,51564
763,22,11,2018,0,18.7,-10.270731518113411,46268
764,23,11,2018,0,19.1,0.043226419987896614,46288
765,24,11,2018,1,20.6,-3.98591427583823,44443
766,25,11,2018,1,21.7,-7.254235762662287,41219
767,26,11,2018,0,22.0,11.317596254154635,45884
768,27,11,2018,0,20.9,1.9963385929735853,46800
769,28,11,2018,0,21.3,0.91025641025641,47226
770,29,11,2018,0,21.5,0.5272519374920595,47475
771,30,11,2018,0,24.5,1.0552922590837284,47976
772,1,12,2018,1,24.6,-2.7909788227447057,46637
773,2,12,2018,1,25.8,-6.0445568968844485,43818
774,3,12,2018,0,25.4,14.379935186453054,50119
775,4,12,2018,0,25.8,3.060715497116862,51653
776,5,12,2018,0,25.3,-0.07550384295200666,51614
777,6,12,2018,0,25.9,0.8796063083659471,52068
778,7,12,2018,0,24.4,-4.225243911807636,49868
779,8,12,2018,1,15.8,-11.66078447100345,44053
780,9,12,2018,1,14.5,-5.4616030690304855,41647
781,10,12,2018,0,16.6,10.365692606910462,45964
782,11,12,2018,0,15.3,2.930554346880167,47311
783,12,12,2018,0,11.7,4.068821204371076,49236
784,13,12,2018,0,13.5,1.9619790397270287,50202
785,14,12,2018,0,15.6,-1.565674674315764,49416
786,15,12,2018,1,16.7,-6.125546381738707,46389
787,16,12,2018,1,17.4,-6.544654982862316,43353
788,17,12,2018,0,17.9,8.001753050538603,46822
789,18,12,2018,0,17.4,0.5253940455341506,47068
790,19,12,2018,0,20.8,1.3979773944080904,47726
791,20,12,2018,0,22.5,1.1314587436617358,48266
792,21,12,2018,0,23.6,0.2734844403928231,48398
793,22,12,2018,1,24.2,-3.2377370965742385,46831
794,23,12,2018,1,23.2,-7.179005359697636,43469
795,24,12,2018,0,21.8,7.31555821389956,46649
796,25,12,2018,0,21.9,2.6002701022529955,47862
797,26,12,2018,0,23.5,1.7968325602774642,48722
798,27,12,2018,0,23.1,-0.5028529206518616,48477
799,28,12,2018,0,17.0,-4.10091383542711,46489
800,29,12,2018,1,13.2,-4.622598894362106,44340
801,30,12,2018,1,10.1,-5.241317095173658,42016
802,31,12,2018,1,11.3,0.6307121096725057,42281
803,1,1,2019,1,11.8,-2.5992762706653108,41182
804,2,1,2019,0,13.8,17.845175076489728,48531
805,3,1,2019,0,15.4,3.5564896663987966,50257
806,4,1,2019,0,16.6,-0.525299958214776,49993
807,5,1,2019,1,19.0,-2.552357330026204,48717
808,6,1,2019,1,19.1,-7.779625182174599,44927
809,7,1,2019,0,19.4,8.199968838337746,48611
810,8,1,2019,0,17.5,2.4480055954413613,49801
811,9,1,2019,0,13.8,1.9537760285938035,50774
812,10,1,2019,0,15.1,1.599243707409304,51586
813,11,1,2019,0,17.8,-2.0431900127941693,50532
814,12,1,2019,1,20.0,-4.6722868677273794,48171
815,13,1,2019,1,20.7,-7.718336758630714,44453
816,14,1,2019,0,21.2,9.014014802150584,48460
817,15,1,2019,0,20.0,1.4651258770119686,49170
818,16,1,2019,0,14.2,1.6880211511083991,50000
819,17,1,2019,0,14.3,1.406,50703
820,18,1,2019,0,16.1,-1.3095872039129834,50039
821,19,1,2019,1,17.6,-4.076820080337336,47999
822,20,1,2019,1,18.5,-6.043875914081543,45098
823,21,1,2019,0,16.3,8.754268481972593,49046
824,22,1,2019,0,15.8,2.2489091872935614,50149
825,23,1,2019,0,16.7,-0.8454804682047499,49725
826,24,1,2019,0,17.8,-0.4142785319255908,49519
827,25,1,2019,0,18.1,-1.508511884327228,48772
828,26,1,2019,1,19.2,-4.732223406872796,46464
829,27,1,2019,1,17.9,-6.127324380165289,43617
830,28,1,2019,0,20.2,7.0935644358850904,46711
831,29,1,2019,0,20.8,-0.3874890282802766,46530
832,30,1,2019,0,22.4,-2.061035890823125,45571
833,31,1,2019,0,22.5,-4.621360075486604,43465
834,1,2,2019,0,21.6,-8.09386862993213,39947
835,2,2,2019,1,21.0,-13.833329161138508,34421
836,3,2,2019,1,22.2,-6.998634554487087,32012
837,4,2,2019,1,23.4,8.134449581406972,34616
838,5,2,2019,1,23.6,-16.00415992604576,29076
839,6,2,2019,1,24.7,-1.3894620993259046,28672
840,7,2,2019,1,24.4,2.308872767857143,29334
841,8,2,2019,1,25.4,5.440785436694621,30930
842,9,2,2019,1,24.6,5.7872615583575815,32720
843,10,2,2019,1,24.8,11.71760391198044,36554
844,11,2,2019,0,21.7,11.648519997811455,40812
845,12,2,2019,0,19.7,5.150445947270411,42914
846,13,2,2019,0,21.6,4.3482313464137565,44780
847,14,2,2019,0,23.1,1.9696292987941049,45662
848,15,2,2019,0,23.4,1.519863343699356,46356
849,16,2,2019,1,23.7,-2.776339632410044,45069
850,17,2,2019,1,22.9,-6.57880139341898,42104
851,18,2,2019,0,24.1,11.737602128063841,47046
852,19,2,2019,0,24.4,3.056582918845385,48484
853,20,2,2019,0,25.4,2.442042735747876,49668
854,21,2,2019,0,26.0,3.3140049931545463,51314
855,22,2,2019,0,19.4,-9.227501266710838,46579
856,23,2,2019,1,16.8,-5.236265269756758,44140
857,24,2,2019,1,16.1,-6.241504304485727,41385
858,25,2,2019,0,16.2,11.591156216020295,46182
859,26,2,2019,0,17.0,3.2306959421419603,47674
860,27,2,2019,0,20.5,1.0005453706422789,48151
861,28,2,2019,0,23.2,0.7933376253868041,48533
862,1,3,2019,0,23.7,-0.008241814847629448,48529
863,2,3,2019,1,24.3,-2.99614663397144,47075
864,3,3,2019,1,25.2,-6.277217206585237,44120
865,4,3,2019,0,22.3,8.436083408884858,47842
866,5,3,2019,0,25.7,7.30111617407299,51335
867,6,3,2019,0,23.4,-3.858965617999416,49354
868,7,3,2019,0,18.6,-3.5782307411759935,47588
869,8,3,2019,0,17.7,-0.954022022358578,47134
870,9,3,2019,1,19.3,-3.099673271948063,45673
871,10,3,2019,1,19.3,-7.488012611389662,42253
872,11,3,2019,0,21.4,10.344827586206897,46624
873,12,3,2019,0,22.1,2.987731640356898,48017
874,13,3,2019,0,22.6,1.7056459170710372,48836
875,14,3,2019,0,25.0,2.1828159554427065,49902
876,15,3,2019,0,21.3,-4.597010139874153,47608
877,16,3,2019,1,17.8,-5.713325491514032,44888
878,17,3,2019,1,18.2,-6.133042238460168,42135
879,18,3,2019,0,18.7,11.99003203987184,47187
880,19,3,2019,0,21.1,3.492487337614173,48835
881,20,3,2019,0,24.1,2.938466263950036,50270
882,21,3,2019,0,26.3,3.7696439228167886,52165
883,22,3,2019,0,26.8,1.700373813859868,53052
884,23,3,2019,1,23.4,-11.226720953027217,47096
885,26,3,2019,0,20.5,4.086030774535581,48298
886,27,3,2019,0,22.6,2.3168661228208207,49417
887,28,3,2019,0,24.7,1.950745694801384,50381
888,29,3,2019,0,25.3,-0.8892241122645441,49933
889,30,3,2019,1,26.1,-2.5854645224600965,48642
890,31,3,2019,1,26.9,-3.640886476707372,46871
891,1,4,2019,0,23.7,5.158840221032195,49289
892,2,4,2019,0,22.4,-0.2414331798169977,49170
893,3,4,2019,0,23.7,2.214765100671141,50259
894,4,4,2019,0,24.2,0.6725163652281183,50597
895,5,4,2019,0,23.8,-2.2412395991857226,49463
896,6,4,2019,1,24.5,-3.020439520449629,47969
897,7,4,2019,1,26.8,-3.364673017990786,46355
898,8,4,2019,0,27.4,15.797648581598532,53678
899,9,4,2019,0,28.1,5.980103580610306,56888
900,10,4,2019,0,28.1,1.4519758121220645,57714
901,11,4,2019,0,28.1,1.5143639324947151,58588
902,12,4,2019,0,27.5,-1.8655697412439407,57495
903,13,4,2019,1,27.6,-8.165927471954083,52800
904,14,4,2019,1,27.9,-11.511363636363635,46722
905,15,4,2019,1,24.9,-0.8411454989084373,46329
906,16,4,2019,0,23.5,7.8028880398886225,49944
907,17,4,2019,0,23.8,3.0193817075124136,51452
908,18,4,2019,0,27.3,9.659488455259273,56422
909,19,4,2019,0,29.9,9.352734748856829,61699
910,20,4,2019,1,30.2,2.5089547642587404,63247
911,21,4,2019,1,29.2,-7.192436004869796,58698
912,22,4,2019,0,29.7,8.56417595148046,63725
913,23,4,2019,0,28.8,1.3825029423303257,64606
914,24,4,2019,0,29.7,3.199393245209423,66673
915,25,4,2019,0,28.8,-1.849324314190152,65440
916,26,4,2019,0,29.1,-2.5565403422982884,63767
917,27,4,2019,1,28.0,-11.022942901500775,56738
918,28,4,2019,1,28.1,-11.394479890020795,50273
919,29,4,2019,0,28.5,-6.0131681021621946,47250
920,30,4,2019,1,24.8,-18.342857142857145,38583
921,1,5,2019,1,23.9,-2.8173029572609707,37496
922,2,5,2019,0,24.7,27.760294431406017,47905
923,3,5,2019,0,23.9,3.229308005427409,49452
924,4,5,2019,1,23.8,-1.2416080239424088,48838
925,5,5,2019,1,27.2,-2.135632089766166,47795
926,6,5,2019,0,28.2,15.846845904383304,55369
927,7,5,2019,0,25.9,-2.281059798804385,54106
928,8,5,2019,0,24.8,-4.321147377370346,51768
929,9,5,2019,0,22.7,-4.525961984237367,49425
930,10,5,2019,0,23.4,-0.5523520485584218,49152
931,11,5,2019,1,24.4,-2.1728515625,48084
932,12,5,2019,1,28.2,-0.07278928541718659,48049
933,13,5,2019,0,28.8,18.69966076297113,57034
934,14,5,2019,0,28.4,5.508994634779254,60176
935,15,5,2019,0,29.5,5.7032704068067,63608
936,16,5,2019,0,31.2,9.574267387749966,69698
937,17,5,2019,0,32.5,6.9715056386123,74557
938,18,5,2019,1,33.6,2.639591185267648,76525
939,19,5,2019,1,33.6,-1.622999019928128,75283
940,20,5,2019,0,31.8,2.918321533413918,77480
941,21,5,2019,0,27.4,-20.21295818275684,61819
942,22,5,2019,0,27.0,-7.399019718856662,57245
943,23,5,2019,0,28.4,3.869333566250328,59460
944,24,5,2019,0,28.7,3.2896064581231084,61416
945,25,5,2019,1,29.7,-0.39403412791455,61174
946,26,5,2019,1,30.5,0.08990747703272632,61229
947,27,5,2019,0,28.8,3.7122931944013455,63502
948,28,5,2019,0,28.2,-2.4581902932191118,61941
949,29,5,2019,0,27.2,-7.662130091538723,57195
950,30,5,2019,0,27.4,-0.6818777865198007,56805
951,31,5,2019,0,26.4,-4.518968400668955,54238
952,1,6,2019,1,24.6,-11.031011467974484,48255
953,2,6,2019,1,26.6,-4.903118847787794,45889
954,3,6,2019,0,29.3,26.099936804027106,57866
955,4,6,2019,0,30.3,9.77430615560087,63522
956,5,6,2019,0,29.5,3.507446239098265,65750
957,6,6,2019,0,30.2,1.5498098859315592,66769
958,7,6,2019,0,30.6,0.4702781230810705,67083
959,8,6,2019,1,30.5,-3.1543013878329833,64967
960,9,6,2019,1,32.7,3.906598734742254,67505
961,10,6,2019,0,33.1,19.703725649951856,80806
962,11,6,2019,0,32.1,-0.6806425265450585,80256
963,12,6,2019,0,33.8,4.528010366826156,83890
964,13,6,2019,0,31.7,-6.119918941470973,78756
965,14,6,2019,0,30.8,-6.470618111635938,73660
966,15,6,2019,1,32.4,0.4317132772196579,73978
967,16,6,2019,1,32.4,-2.6737678769363864,72000
968,17,6,2019,0,31.2,4.072222222222221,74932
969,18,6,2019,0,27.6,-15.707574867880213,63162
970,19,6,2019,0,29.9,9.993350432221906,69474
971,20,6,2019,0,31.6,7.261709416472349,74519
972,21,6,2019,0,33.3,9.38820971832687,81515
973,22,6,2019,1,33.8,1.1813776605532724,82478
974,23,6,2019,1,32.6,-7.235868958995127,76510
975,24,6,2019,0,28.3,-14.421644229512479,65476
976,25,6,2019,0,29.8,1.6143319689657278,66533
977,26,6,2019,0,31.4,9.08571686230893,72578
978,27,6,2019,0,33.0,10.109123976962717,79915
979,28,6,2019,0,35.0,6.1878245635988245,84860
980,29,6,2019,1,34.4,-1.8430355880273392,83296
981,30,6,2019,1,28.7,-22.58451786400307,64484
982,1,7,2019,0,30.5,7.453011599776689,69290
983,2,7,2019,0,29.9,-0.11545677586953385,69210
984,3,7,2019,0,30.5,1.4708857101574917,70228
985,4,7,2019,0,28.1,-14.052799453209548,60359
986,5,7,2019,0,30.9,11.471363011315631,67283
987,6,7,2019,1,32.3,5.73250300967555,71140
988,7,7,2019,1,32.4,0.11948271014900196,71225
989,8,7,2019,0,33.5,17.69041769041769,83825
990,9,7,2019,0,32.0,-3.4059051595586047,80970
991,10,7,2019,0,28.8,-17.725083364208967,66618
992,11,7,2019,0,30.1,4.507790687201657,69621
993,12,7,2019,0,32.8,9.373608537653867,76147
994,13,7,2019,1,32.9,0.5239864997964463,76546
995,14,7,2019,1,31.4,-10.035795469390957,68864
996,15,7,2019,0,30.0,4.344795539033457,71856
997,16,7,2019,0,29.7,-3.5487641950567808,69306
998,17,7,2019,0,31.9,12.03936167142816,77650
999,18,7,2019,0,32.2,3.7115260785576303,80532
1000,19,7,2019,0,33.6,6.16276759548999,85495
1001,20,7,2019,1,31.8,-11.834610211123456,75377
1002,21,7,2019,1,29.0,-13.037133343062207,65550
1003,22,7,2019,0,30.4,11.548436308161707,73120
1004,23,7,2019,0,31.0,-0.33780087527352304,72873
1005,24,7,2019,0,30.2,-2.851536234270581,70795
1006,25,7,2019,0,28.0,-8.711067165760294,64628
1007,26,7,2019,0,30.3,0.3218419261001424,64836
1008,27,7,2019,1,31.6,2.7700660127089893,66632
1009,28,7,2019,1,31.4,-2.1701284668027374,65186
1010,29,7,2019,0,30.2,9.992943270027306,71700
1011,30,7,2019,0,28.7,-5.391910739191075,67834
1012,31,7,2019,0,29.7,-0.791638411416104,67297
1013,1,8,2019,0,28.0,-7.863649196843841,62005
1014,2,8,2019,0,27.4,-6.7897750181436995,57795
1015,3,8,2019,1,26.4,-10.327883034864607,51826
1016,4,8,2019,1,26.3,-4.6193030525219,49432
1017,5,8,2019,0,27.7,18.269541997086908,58463
1018,6,8,2019,0,29.9,9.896857841711851,64249
1019,7,8,2019,0,31.4,10.636741427882146,71083
1020,8,8,2019,0,30.9,0.5796041247555674,71495
1021,9,8,2019,0,29.3,-4.724805930484648,68117
1022,10,8,2019,1,31.7,1.7602067031724826,69316
1023,11,8,2019,1,31.9,-1.0949852847827342,68557
1024,12,8,2019,0,32.2,15.640999460303107,79280
1025,13,8,2019,0,32.8,4.98234106962664,83230
1026,14,8,2019,0,34.0,2.972485882494293,85704
1027,15,8,2019,0,31.9,-5.564501073462149,80935
1028,16,8,2019,0,29.3,-13.372459380984743,70112
1029,17,8,2019,1,28.9,-9.283717480602464,63603
1030,18,8,2019,1,30.8,-1.1241608100246845,62888
1031,19,8,2019,0,30.6,13.134461264470167,71148
1032,20,8,2019,0,28.4,-7.549052678922808,65777
1033,21,8,2019,0,27.2,-7.291302430940906,60981
1034,22,8,2019,0,27.5,0.21810071989636115,61114
1035,23,8,2019,0,27.7,-1.274667015741074,60335
1036,24,8,2019,1,28.1,-4.012596337117759,57914
1037,25,8,2019,1,29.8,1.0895465690506614,58545
1038,26,8,2019,0,30.0,16.001366470236572,67913
1039,27,8,2019,0,29.4,-2.273496974069765,66369
1040,28,8,2019,0,29.1,-0.6946013952297005,65908
1041,29,8,2019,0,29.8,4.6640771985191485,68982
1042,30,8,2019,0,28.2,-10.888347684903307,61471
1043,31,8,2019,1,26.4,-16.070992825885373,51592
1044,1,9,2019,1,27.0,-12.587222825244224,45098
1045,2,9,2019,1,28.8,-1.5100447913432968,44417
1046,3,9,2019,0,29.1,32.04403719296665,58650
1047,4,9,2019,0,29.0,5.6078431372549025,61939
1048,5,9,2019,0,30.5,9.221976460711346,67651
1049,6,9,2019,0,30.7,5.046488595881804,71065
1050,7,9,2019,1,31.2,0.4840638851755435,71409
1051,8,9,2019,1,30.9,-6.207900964864372,66976
1052,9,9,2019,0,30.5,7.750537505972288,72167
1053,10,9,2019,0,27.3,-13.399476214890466,62497
1054,11,9,2019,0,27.5,-1.920092164423892,61297
1055,12,9,2019,0,28.9,3.8044276228852962,63629
1056,13,9,2019,0,29.2,1.7712049537160732,64756
1057,14,9,2019,1,29.7,-1.022299091976033,64094
1058,15,9,2019,1,30.0,-2.552501014135488,62458
1059,16,9,2019,0,28.8,11.396458420058279,69576
1060,17,9,2019,0,29.2,0.9601011843164308,70244
1061,18,9,2019,0,29.3,-3.8622515802061383,67531
1062,19,9,2019,0,26.0,-11.268898727991589,59921
1063,20,9,2019,0,27.6,3.1875302481600776,61831
1064,21,9,2019,1,28.6,-5.510180977179731,58424
1065,22,9,2019,1,27.7,-10.165343009722033,52485
1066,23,9,2019,0,26.7,11.191769076879108,58359
1067,24,9,2019,0,26.8,1.1412121523672443,59025
1068,25,9,2019,0,27.2,1.1622193985599325,59711
1069,26,9,2019,0,27.4,0.16077439667732915,59807
1070,27,9,2019,0,27.8,-0.2825756182386677,59638
1071,28,9,2019,1,27.2,-5.221503068513363,56524
1072,29,9,2019,1,27.4,-6.407897530252637,52902
1073,30,9,2019,0,28.1,14.783940115685606,60723
1074,1,10,2019,0,28.6,3.301879024422377,62728
1075,2,10,2019,0,28.5,0.875207243973983,63277
1076,3,10,2019,0,26.1,-7.799042306051173,58342
1077,4,10,2019,0,26.5,-2.965273730760001,56612
1078,5,10,2019,1,27.0,-3.8136790786405714,54453
1079,6,10,2019,1,28.1,-4.699465594182138,51894
1080,7,10,2019,0,27.6,14.458318880795467,59397
1081,8,10,2019,0,26.1,-4.552418472313416,56693
1082,9,10,2019,0,24.6,-3.3213977034201747,54810
1083,10,10,2019,0,27.4,6.079182630906769,58142
1084,11,10,2019,0,28.6,4.145024250971758,60552
1085,12,10,2019,1,28.9,-3.6497555819791256,58342
1086,13,10,2019,1,28.3,-9.840252305371774,52601
1087,14,10,2019,0,26.5,7.650044675956732,56625
1088,15,10,2019,0,25.7,-3.1487858719646797,54842
1089,16,10,2019,0,26.3,1.6009627657634657,55720
1090,17,10,2019,0,25.8,-0.6030150753768844,55384
1091,18,10,2019,0,24.4,-5.537700418893544,52317
1092,19,10,2019,1,24.9,-4.518607718332473,49953
1093,20,10,2019,1,26.1,-5.060757111684984,47425
1094,21,10,2019,0,27.0,17.699525566684233,55819
1095,22,10,2019,0,27.6,4.555796413407621,58362
1096,23,10,2019,0,28.7,3.7661492066755766,60560
1097,24,10,2019,0,23.4,-13.165455746367238,52587
1098,25,10,2019,0,23.8,-2.0613459600281443,51503
1099,26,10,2019,1,25.3,-2.4736423120983244,50229
1100,27,10,2019,1,26.0,-4.59694598737781,47920
1101,28,10,2019,0,22.8,4.515859766277129,50084
1102,29,10,2019,0,22.9,-0.6169635013177861,49775
1103,30,10,2019,0,22.7,0.7132094424912104,50130
1104,31,10,2019,0,22.5,-1.855176540993417,49200
1105,1,11,2019,0,19.2,-2.6463414634146343,47898
1106,2,11,2019,1,21.3,-1.808008685122552,47032
1107,3,11,2019,1,23.8,-5.898111923796563,44258
1108,4,11,2019,0,24.4,12.061096298974194,49596
1109,5,11,2019,0,22.7,0.5323009920154851,49860
1110,6,11,2019,0,23.1,1.1070998796630565,50412
1111,7,11,2019,0,24.9,1.5293977624375148,51183
1112,8,11,2019,0,23.8,-1.1644491335013578,50587
1113,9,11,2019,1,21.7,-5.778164350524839,47664
1114,10,11,2019,1,21.9,-8.117237327962401,43795
1115,11,11,2019,0,22.6,12.914716291814134,49451
1116,12,11,2019,0,22.8,2.6733534205577243,50773
1117,13,11,2019,0,24.5,2.660863057136667,52124
1118,14,11,2019,0,20.7,-4.972757271122708,49532
1119,15,11,2019,0,22.4,1.0720342404909955,50063
1120,16,11,2019,1,24.7,-3.2838623334598407,48419
1121,17,11,2019,1,25.9,-4.814225820442387,46088
1122,18,11,2019,0,25.7,13.87562923103628,52483
1123,19,11,2019,0,19.4,-6.8250671646056835,48901
1124,20,11,2019,0,20.6,1.1942496063475183,49485
1125,21,11,2019,0,21.2,0.24047691219561484,49604
1126,22,11,2019,0,22.3,0.6350294331102331,49919
1127,23,11,2019,1,23.7,-3.307357919830125,48268
1128,24,11,2019,1,24.5,-6.032982514295187,45356
1129,25,11,2019,0,24.0,11.647852544316075,50639
1130,26,11,2019,0,22.7,-0.7622583384348032,50253
1131,27,11,2019,0,24.3,2.5789505104172887,51549
1132,28,11,2019,0,20.9,-4.293002774059632,49336
1133,29,11,2019,0,21.1,-0.4560564293821956,49111
1134,30,11,2019,1,21.6,-4.180326199833032,47058
1135,1,12,2019,1,21.7,-7.3802541544477025,43585
1136,2,12,2019,0,18.9,9.104049558334287,47553
1137,3,12,2019,0,17.9,2.4267659243370554,48707
1138,4,12,2019,0,16.2,-0.09854846325990103,48659
1139,5,12,2019,0,17.6,0.1952362358453729,48754
1140,6,12,2019,0,17.1,-0.2666447881199491,48624
1141,7,12,2019,1,15.0,-2.9306515301085883,47199
1142,8,12,2019,1,14.3,-5.7564778914807535,44482
1143,9,12,2019,0,15.1,9.70280113304258,48798
1144,10,12,2019,0,14.5,1.8054018607319973,49679
1145,11,12,2019,0,15.3,0.5716701221844239,49963
1146,12,12,2019,0,16.5,0.6484798751075797,50287
1147,13,12,2019,0,18.5,-0.8670232863364291,49851
1148,14,12,2019,1,19.6,-4.005937694329101,47854
1149,15,12,2019,1,22.1,-6.089355121828897,44940
1150,16,12,2019,0,22.9,10.505117935024476,49661
1151,17,12,2019,0,23.3,2.7365538350013088,51020
1152,18,12,2019,0,24.4,1.8267346138769112,51952
1153,19,12,2019,0,23.1,-1.493686479827533,51176
1154,20,12,2019,0,17.1,-3.6814131624198847,49292
1155,21,12,2019,1,16.1,-2.0814736671265117,48266
1156,22,12,2019,1,16.5,-5.3702399204408895,45674
1157,23,12,2019,0,17.8,9.742960984367476,50124
1158,24,12,2019,0,21.4,2.212512967839757,51233
1159,25,12,2019,0,23.3,-0.08393027931216207,51190
1160,26,12,2019,0,21.9,-1.3733151006055868,50487
1161,27,12,2019,0,16.9,-2.529363994691703,49210
1162,28,12,2019,1,17.2,-3.174151595204227,47648
1163,29,12,2019,1,18.6,-5.725319006044325,44920
1164,30,12,2019,0,19.7,6.019590382902938,47624
1165,31,12,2019,0,20.6,-0.7349235679489333,47274
