,date,power,temp,holiday,dayOfWeek,power_yesterday,increase
0,2016-10-02,41308,28.0,1,6,46078,-10.352011806067972
1,2016-10-03,49054,28.4,0,0,41308,18.751815628933862
2,2016-10-06,49753,28.8,0,3,50089,-0.6708059653816207
3,2016-10-07,49849,28.1,0,4,49753,0.19295318875243703
4,2016-10-08,49059,28.3,1,5,49849,-1.5847860538827259
5,2016-10-09,45712,28.9,1,6,49059,-6.822397521351842
6,2016-10-10,49554,28.5,0,0,45712,8.404795239761988
7,2016-10-11,47059,28.4,0,1,49554,-5.034911409775194
8,2016-10-12,50659,29.1,0,2,47059,7.649971312607577
9,2016-10-13,46522,26.0,0,3,50659,-8.166367279259362
10,2016-10-14,50467,24.9,0,4,46522,8.479858991444909
11,2016-10-15,40584,24.3,1,5,50467,-19.58309390294648
12,2016-10-16,39192,27.1,1,6,40584,-3.4299231224127738
13,2016-10-17,44242,28.0,0,0,39192,12.885282710757298
14,2016-10-18,46996,28.5,0,1,44242,6.22485421093079
15,2016-10-19,44265,28.3,0,2,46996,-5.811132862371266
16,2016-10-20,47597,27.8,0,3,44265,7.5273918445724615
17,2016-10-21,46780,28.7,0,4,47597,-1.7164947370632604
18,2016-10-22,48418,29.2,1,5,46780,3.5014963659683622
19,2016-10-23,45524,28.6,1,6,48418,-5.977115948614152
20,2016-10-24,54774,28.3,0,0,45524,20.31895264036552
21,2016-10-25,49905,26.7,0,1,54774,-8.8892540256326
22,2016-10-26,52730,27.3,0,2,49905,5.660755435327122
23,2016-10-27,53527,27.9,0,3,52730,1.5114735444718377
24,2016-10-28,58653,28.2,0,4,53527,9.576475423617987
25,2016-10-29,50584,27.8,1,5,58653,-13.757182070823317
26,2016-10-30,40565,22.7,1,6,50584,-19.80665823185197
27,2016-10-31,45227,21.2,0,0,40565,11.492666091458153
28,2016-11-01,40813,22.3,0,1,45227,-9.759656842151813
29,2016-11-02,39869,22.2,0,2,40813,-2.3129885085634476
30,2016-11-03,40747,22.8,0,3,39869,2.2022122451027113
31,2016-11-04,41088,22.4,0,4,40747,0.8368714261172602
32,2016-11-05,41293,23.8,1,5,41088,0.4989291277258567
33,2016-11-06,39394,24.4,1,6,41293,-4.5988424188119055
34,2016-11-07,42603,25.2,0,0,39394,8.145910544753008
35,2016-11-08,41529,24.3,0,1,42603,-2.5209492289275404
36,2016-11-09,40576,17.0,0,2,41529,-2.2947819595945003
37,2016-11-10,39918,16.2,0,3,40576,-1.6216482649842272
38,2016-11-11,40896,18.7,0,4,39918,2.4500225462197505
39,2016-11-12,38613,21.6,1,5,40896,-5.582453051643192
40,2016-11-13,37805,24.2,1,6,38613,-2.0925595006862974
41,2016-11-14,41696,26.0,0,0,37805,10.292289379711677
42,2016-11-15,43760,26.9,0,1,41696,4.950115118956255
43,2016-11-16,44846,25.8,0,2,43760,2.4817184643510055
44,2016-11-17,44451,25.8,0,3,44846,-0.8807920438835125
45,2016-11-18,44154,25.4,0,4,44451,-0.6681514476614699
46,2016-11-19,41967,26.5,1,5,44154,-4.9531186302486745
47,2016-11-20,39070,26.7,1,6,41967,-6.90304286701456
48,2016-11-21,41113,27.2,0,0,39070,5.229076017404658
49,2016-11-22,45636,27.5,0,1,41113,11.00138642278598
50,2016-11-23,45792,26.9,0,2,45636,0.3418353931107021
51,2016-11-24,39344,19.0,0,3,45792,-14.081062194269741
52,2016-11-25,39282,18.7,0,4,39344,-0.15758438389589263
53,2016-11-26,38110,18.6,1,5,39282,-2.983554808818288
54,2016-11-27,37903,19.2,1,6,38110,-0.543164523747048
55,2016-11-28,37996,18.3,0,0,37903,0.24536316386565707
56,2016-11-29,43249,19.0,0,1,37996,13.825139488367197
57,2016-11-30,44243,21.0,0,2,43249,2.2983190362782953
58,2016-12-01,39338,19.7,0,3,44243,-11.08649955925231
59,2016-12-02,40214,21.3,0,4,39338,2.2268544409985256
60,2016-12-03,39492,21.7,1,5,40214,-1.795394638683046
61,2016-12-04,36617,22.3,1,6,39492,-7.279955434011952
62,2016-12-05,45678,22.9,0,0,36617,24.745336865390392
63,2016-12-06,40888,23.0,0,1,45678,-10.486448618591007
64,2016-12-07,40368,19.6,0,2,40888,-1.271766777538642
65,2016-12-08,39830,20.3,0,3,40368,-1.332738803012287
66,2016-12-09,39471,20.6,0,4,39830,-0.901330655284961
67,2016-12-10,39174,19.5,1,5,39471,-0.7524511666793342
68,2016-12-11,36685,20.3,1,6,39174,-6.353703987338541
69,2016-12-12,40629,22.9,0,0,36685,10.75098814229249
70,2016-12-13,42668,24.1,0,1,40629,5.018582785694948
71,2016-12-14,41913,22.0,0,2,42668,-1.7694759538764413
72,2016-12-15,41464,17.3,0,3,41913,-1.071266671438456
73,2016-12-16,40430,18.0,0,4,41464,-2.4937295002894078
74,2016-12-17,39687,18.1,1,5,40430,-1.837744249319812
75,2016-12-18,36843,19.3,1,6,39687,-7.166074533222466
76,2016-12-19,39606,21.5,0,0,36843,7.499389300545559
77,2016-12-20,46817,23.3,0,1,39606,18.206837347876583
78,2016-12-21,41488,24.4,0,2,46817,-11.382617425294232
79,2016-12-22,40922,21.9,0,3,41488,-1.3642499035865792
80,2016-12-23,40931,21.2,0,4,40922,0.021993059967743513
81,2016-12-24,39765,21.6,1,5,40931,-2.8486965869389946
82,2016-12-25,37778,22.8,1,6,39765,-4.996856532126242
83,2016-12-26,41659,24.1,0,0,37778,10.273174863677273
84,2016-12-27,40596,19.1,0,1,41659,-2.551669507189323
85,2016-12-28,40202,17.4,0,2,40596,-0.9705389693565868
86,2016-12-29,39153,17.3,0,3,40202,-2.6093229192577483
87,2016-12-30,43758,17.5,0,4,39153,11.761550839016168
88,2016-12-31,36894,18.8,1,5,43758,-15.686274509803921
89,2017-01-01,31949,18.3,1,6,36894,-13.403263403263404
90,2017-01-02,36411,20.0,0,0,31949,13.966008325769193
91,2017-01-03,45302,22.5,0,1,36411,24.418444975419515
92,2017-01-04,41450,22.5,0,2,45302,-8.502935852721734
93,2017-01-05,41613,20.8,0,3,41450,0.39324487334137515
94,2017-01-06,41062,21.0,0,4,41613,-1.324105447816788
95,2017-01-06,41062,21.0,0,4,41613,-1.324105447816788
96,2017-01-07,39938,22.5,1,5,41062,-2.7373240465637325
97,2017-01-07,39938,22.5,1,5,41062,-2.7373240465637325
98,2017-01-08,38858,22.9,1,6,39938,-2.704191496820071
99,2017-01-09,40694,22.5,0,0,38858,4.724895774357918
100,2017-01-10,41297,21.2,0,1,40694,1.481790927409446
101,2017-01-11,43064,21.4,0,2,41297,4.278761169092186
102,2017-01-12,41684,15.1,0,3,43064,-3.204532788407951
103,2017-01-13,45159,14.6,0,4,41684,8.336532002686882
104,2017-01-14,40326,15.9,1,5,45159,-10.702185610841692
105,2017-01-15,37693,17.1,1,6,40326,-6.529286316520359
106,2017-01-16,40617,16.0,0,0,37693,7.757408537394212
107,2017-01-17,41381,16.8,0,1,40617,1.8809857941256125
108,2017-01-18,41700,17.4,0,2,41381,0.7708851888547885
109,2017-01-19,45409,18.8,0,3,41700,8.894484412470025
110,2017-01-20,41090,17.9,0,4,45409,-9.511330353013719
111,2017-01-21,39560,16.0,1,5,41090,-3.7235337064979315
112,2017-01-22,36173,17.2,1,6,39560,-8.561678463094035
113,2017-01-23,38251,17.6,0,0,36173,5.744616150167252
114,2017-01-24,36600,18.6,0,1,38251,-4.316227026744398
115,2017-01-24,36600,18.6,0,1,38251,-4.316227026744398
116,2017-01-25,32642,21.0,0,2,36600,-10.814207650273223
117,2017-01-25,32642,21.0,0,2,36600,-10.814207650273223
118,2017-01-26,28794,21.0,0,3,32642,-11.788493352123032
119,2017-01-27,29426,20.2,1,4,28794,2.194901715635202
120,2017-01-28,25686,20.7,1,5,29426,-12.709848433358253
121,2017-01-29,24278,21.0,1,6,25686,-5.481585299384879
122,2017-01-30,23861,21.3,1,0,24278,-1.7176044155202241
123,2017-01-31,25239,20.5,1,1,23861,5.7751142030929135
124,2017-02-01,27673,21.2,1,2,25239,9.643805222076944
125,2017-02-02,32323,21.1,0,3,27673,16.80338235825534
126,2017-02-03,34371,20.6,0,4,32323,6.336045540327322
127,2017-02-04,34302,20.9,1,5,34371,-0.20075063280090774
128,2017-02-05,37168,21.3,1,6,34302,8.355197947641537
129,2017-02-06,37121,20.3,0,0,37168,-0.1264528626775721
130,2017-02-07,39417,22.0,0,1,37121,6.185178201018291
131,2017-02-08,40316,21.7,0,2,39417,2.2807418119085674
132,2017-02-09,39556,17.2,0,3,40316,-1.8851076495684096
133,2017-02-10,38716,16.2,0,4,39556,-2.123571645262413
134,2017-02-11,38312,16.0,1,5,38716,-1.0434962289492717
135,2017-02-12,36450,16.8,1,6,38312,-4.860096053455836
136,2017-02-13,39044,17.1,0,0,36450,7.116598079561043
137,2017-02-14,40988,17.9,0,1,39044,4.9789980534781275
138,2017-02-15,40746,18.9,0,2,40988,-0.5904167073289743
139,2017-02-16,41211,21.4,0,3,40746,1.1412163157119717
140,2017-02-17,40980,21.9,0,4,41211,-0.5605299555943801
141,2017-02-18,38386,22.2,1,5,40980,-6.329917032698877
142,2017-02-19,37395,21.4,1,6,38386,-2.58167040066691
143,2017-02-20,44250,22.3,0,0,37395,18.331327717609305
144,2017-02-21,41653,23.9,0,1,44250,-5.868926553672316
145,2017-02-22,42880,25.0,0,2,41653,2.945766211317312
146,2017-02-23,40479,21.3,0,3,42880,-5.599347014925373
147,2017-02-24,40269,15.9,0,4,40479,-0.5187875194545319
148,2017-02-25,39222,14.9,1,5,40269,-2.6000148997988526
149,2017-02-28,41105,18.8,0,1,39394,4.343301010306138
150,2017-03-01,40376,16.9,0,2,41105,-1.7735068726432306
151,2017-03-02,41372,19.6,0,3,40376,2.4668119675054485
152,2017-03-03,42492,20.4,0,4,41372,2.7071449289374456
153,2017-03-04,39354,21.5,1,5,42492,-7.384919514261508
154,2017-03-05,38760,23.0,1,6,39354,-1.50937642933374
155,2017-03-06,41161,22.0,0,0,38760,6.19453044375645
156,2017-03-07,40919,17.8,0,1,41161,-0.5879351813609971
157,2017-03-08,41612,16.4,0,2,40919,1.6935897749211857
158,2017-03-09,42524,16.7,0,3,41612,2.191675478227434
159,2017-03-10,41922,19.0,0,4,42524,-1.4156711504091808
160,2017-03-11,40218,20.5,1,5,41922,-4.06469157005868
161,2017-03-12,39266,22.5,1,6,40218,-2.3670993087672185
162,2017-03-13,42375,24.3,0,0,39266,7.917791473539449
163,2017-03-14,43728,24.9,0,1,42375,3.192920353982301
164,2017-03-15,42671,20.3,0,2,43728,-2.4172155140870837
165,2017-03-16,42766,20.7,0,3,42671,0.22263363877106235
166,2017-03-17,43580,20.9,0,4,42766,1.9033811906654818
167,2017-03-18,42071,22.8,1,5,43580,-3.46259752179899
168,2017-03-19,38788,23.8,1,6,42071,-7.803475077844596
169,2017-03-20,44260,24.8,0,0,38788,14.107455914200267
170,2017-03-21,43113,24.7,0,1,44260,-2.5915047446904658
171,2017-03-22,43795,25.2,0,2,43113,1.5818894532971493
172,2017-03-23,45250,25.7,0,3,43795,3.3222970658750994
173,2017-03-24,43764,26.1,0,4,45250,-3.2839779005524865
174,2017-03-25,38507,22.6,1,5,43764,-12.012156110044787
175,2017-03-26,36771,19.6,1,6,38507,-4.508271223413924
176,2017-03-27,39926,19.3,0,0,36771,8.580131081558836
177,2017-03-28,41496,21.5,0,1,39926,3.9322747082101888
178,2017-03-29,39583,21.8,0,2,41496,-4.610082899556583
179,2017-03-30,41404,24.4,0,3,39583,4.600459793345628
180,2017-03-31,41295,21.7,0,4,41404,-0.26325958844556085
181,2017-04-01,38551,21.8,1,5,41295,-6.644872260564233
182,2017-04-02,35678,20.9,1,6,38551,-7.452465565095588
183,2017-04-05,42390,23.6,0,2,42006,0.9141551206970433
184,2017-04-06,37449,24.7,1,3,42390,-11.656050955414013
185,2017-04-07,42089,25.1,0,4,37449,12.390183983550962
186,2017-04-08,42153,25.6,1,5,42089,0.15205873268549977
187,2017-04-09,41791,26.8,1,6,42153,-0.8587763622992431
188,2017-04-10,48132,27.7,0,0,41791,15.17312339977507
189,2017-04-11,50634,28.7,0,1,48132,5.1982049364248315
190,2017-04-14,43836,23.6,0,4,44321,-1.094289388777329
191,2017-04-15,42418,24.5,1,5,43836,-3.2347841956382886
192,2017-04-16,41926,26.0,1,6,42418,-1.159884954500448
193,2017-04-17,45636,26.8,0,0,41926,8.848924295186759
194,2017-04-18,44031,23.4,0,1,45636,-3.5169602945043383
195,2017-04-19,48142,26.2,0,2,44031,9.336603756444322
196,2017-04-20,51514,29.0,0,3,48142,7.004279007934859
197,2017-04-21,52044,28.3,0,4,51514,1.028846527157666
198,2017-04-22,52044,22.7,1,5,52044,0.0
199,2017-04-23,37856,21.6,1,6,52044,-27.26154792098993
200,2017-04-24,43483,23.1,0,0,37856,14.864222316145392
201,2017-04-25,45464,25.2,0,1,43483,4.5558034174275
202,2017-04-26,47417,26.9,0,2,45464,4.295706493049446
203,2017-04-27,45288,24.4,0,3,47417,-4.489950861505367
204,2017-04-28,44360,23.9,0,4,45288,-2.0491079314608727
205,2017-04-29,40581,24.9,1,5,44360,-8.518935978358883
206,2017-04-30,33801,25.0,1,6,40581,-16.707326088563615
207,2017-05-01,33725,27.7,1,0,33801,-0.22484541877459246
208,2017-05-02,41857,28.4,0,1,33725,24.112676056338028
209,2017-05-03,50730,29.0,0,2,41857,21.198365864729915
210,2017-05-04,53643,29.7,0,3,50730,5.742164399763454
211,2017-05-05,51819,27.8,0,4,53643,-3.4002572563055757
212,2017-05-06,49551,26.9,1,5,51819,-4.376772998321079
213,2017-05-07,46172,28.1,1,6,49551,-6.81923674597889
214,2017-05-08,51933,28.6,0,0,46172,12.47725894481504
215,2017-05-09,53701,28.8,0,1,51933,3.4043864209654746
216,2017-05-10,54338,28.3,0,2,53701,1.1861976499506526
217,2017-05-11,54837,28.7,0,3,54338,0.9183260333468292
218,2017-05-12,49956,25.8,0,4,54837,-8.900924558236227
219,2017-05-13,47323,27.5,1,5,49956,-5.270638161582193
220,2017-05-14,45592,28.4,1,6,47323,-3.657840796230163
221,2017-05-15,52600,27.7,0,0,45592,15.371117739954379
222,2017-05-16,52549,28.7,0,1,52600,-0.09695817490494296
223,2017-05-17,50844,26.2,0,2,52549,-3.2445907629070008
224,2017-05-18,46022,22.8,0,3,50844,-9.483911572653607
225,2017-05-19,43503,21.7,0,4,46022,-5.473469210377646
226,2017-05-20,42290,25.8,1,5,43503,-2.7883134496471507
227,2017-05-21,43792,26.6,1,6,42290,3.5516670607708676
228,2017-05-22,52697,29.1,0,0,43792,20.334764340518817
229,2017-05-23,58029,30.1,0,1,52697,10.118223048750403
230,2017-05-24,56580,27.6,0,2,58029,-2.4970273483947683
231,2017-05-25,49621,26.6,0,3,56580,-12.29939908094733
232,2017-05-26,49114,28.1,0,4,49621,-1.0217448257794077
233,2017-05-27,48617,27.6,1,5,49114,-1.011931424848312
234,2017-05-28,45181,27.8,1,6,48617,-7.067486681613428
235,2017-05-29,49136,28.6,0,0,45181,8.753679644098183
236,2017-05-30,49236,29.1,0,1,49136,0.20351676978183
237,2017-05-31,59665,30.0,0,2,49236,21.181655699081972
238,2017-06-01,62944,32.5,0,3,59665,5.49568423698986
239,2017-06-02,71643,34.6,0,4,62944,13.820221148957804
240,2017-06-03,71082,36.1,1,5,71643,-0.7830492860432979
241,2017-06-04,71527,36.2,1,6,71082,0.6260375341155285
242,2017-06-05,77075,35.0,0,0,71527,7.756511527115635
243,2017-06-06,69125,31.0,0,1,77075,-10.314628608498216
244,2017-06-07,52427,26.2,0,2,69125,-24.156238698010853
245,2017-06-08,55990,28.7,0,3,52427,6.796116504854369
246,2017-06-09,56166,29.1,0,4,55990,0.3143418467583497
247,2017-06-10,53039,29.7,1,5,56166,-5.567425132642525
248,2017-06-11,51112,30.1,1,6,53039,-3.6331755877750336
249,2017-06-12,58484,30.7,0,0,51112,14.42322742213179
250,2017-06-13,56979,29.5,0,1,58484,-2.5733533958005608
251,2017-06-14,54581,28.3,0,2,56979,-4.208568068937678
252,2017-06-15,58655,30.7,0,3,54581,7.464135871457101
253,2017-06-16,60677,31.6,0,4,58655,3.4472764470207142
254,2017-06-17,50771,27.7,1,5,60677,-16.325790662030094
255,2017-06-18,45740,27.7,1,6,50771,-9.909200133934727
256,2017-06-19,52013,28.6,0,0,45740,13.714473108876257
257,2017-06-20,52740,28.6,0,1,52013,1.397727491204122
258,2017-06-21,56316,30.1,0,2,52740,6.780432309442548
259,2017-06-22,59760,30.8,0,3,56316,6.1154911570424035
260,2017-06-23,59757,30.6,0,4,59760,-0.0050200803212851405
261,2017-06-24,57122,31.2,1,5,59757,-4.409525243904479
262,2017-06-25,51838,28.5,1,6,57122,-9.250376387381394
263,2017-06-26,56229,29.5,0,0,51838,8.470620008487982
264,2017-06-27,57756,30.1,0,1,56229,2.715680520727738
265,2017-06-28,56888,29.1,0,2,57756,-1.5028741602604059
266,2017-06-29,56367,28.5,0,3,56888,-0.9158346224159752
267,2017-06-30,50033,28.9,0,4,56367,-11.237071336065428
268,2017-07-01,52843,30.4,1,5,50033,5.616293246457338
269,2017-07-02,51245,30.4,1,6,52843,-3.0240523815831803
270,2017-07-03,56970,29.6,0,0,51245,11.17182164113572
271,2017-07-04,57172,29.7,0,1,56970,0.3545725820607337
272,2017-07-05,56075,29.3,0,2,57172,-1.9187714265724483
273,2017-07-06,57539,29.6,0,3,56075,2.610789121711993
274,2017-07-07,56800,28.9,0,4,57539,-1.2843462694867829
275,2017-07-08,50889,27.1,1,5,56800,-10.40669014084507
276,2017-07-09,48675,29.3,1,6,50889,-4.350645522608029
277,2017-07-10,54978,29.3,0,0,48675,12.949152542372882
278,2017-07-11,52958,27.6,0,1,54978,-3.674196951507876
279,2017-07-12,52310,27.5,0,2,52958,-1.2236111635635787
280,2017-07-13,52878,27.9,0,3,52310,1.0858344484802143
281,2017-07-14,54188,28.6,0,4,52878,2.477400809410341
282,2017-07-15,50930,27.6,1,5,54188,-6.012401269653798
283,2017-07-16,47392,28.4,1,6,50930,-6.946789711368545
284,2017-07-17,48861,26.7,0,0,47392,3.0996792707629983
285,2017-07-18,50284,27.1,0,1,48861,2.912343177585395
286,2017-07-19,50568,27.0,0,2,50284,0.5647919815448253
287,2017-07-20,50651,27.0,0,3,50568,0.16413542161050468
288,2017-07-21,50205,27.2,0,4,50651,-0.8805354287180905
289,2017-07-22,48655,29.0,1,5,50205,-3.087341898217309
290,2017-07-23,48161,29.3,1,6,48655,-1.0153118898366047
291,2017-07-24,56248,30.0,0,0,48161,16.791594858910734
292,2017-07-25,48349,28.5,0,1,56248,-14.043165979234818
293,2017-07-26,55519,29.2,0,2,48349,14.829675898157149
294,2017-07-27,58268,30.3,0,3,55519,4.9514580594030875
295,2017-07-28,59931,30.8,0,4,58268,2.854053682982083
296,2017-07-29,59061,30.9,1,5,59931,-1.4516694198328077
297,2017-07-30,60818,32.2,1,6,59061,2.974890367586055
298,2017-07-31,67898,33.4,0,0,60818,11.641290407445164
299,2017-08-01,59716,28.3,0,1,67898,-12.05042858405255
300,2017-08-02,59406,30.3,0,2,59716,-0.5191238529037444
301,2017-08-03,54104,27.9,0,3,59406,-8.925024408308925
302,2017-08-04,52303,28.2,0,4,54104,-3.3287742126275317
303,2017-08-05,49426,27.8,1,5,52303,-5.500640498632966
304,2017-08-06,49857,29.4,1,6,49426,0.872010682636669
305,2017-08-07,57197,30.0,0,0,49857,14.722105220931866
306,2017-08-08,63371,31.9,0,1,57197,10.794272426875535
307,2017-08-09,66711,32.6,0,2,63371,5.270549620488867
308,2017-08-10,64500,30.9,0,3,66711,-3.3142959931645457
309,2017-08-11,65665,32.1,0,4,64500,1.806201550387597
310,2017-08-12,61877,31.3,1,5,65665,-5.768674331835833
311,2017-08-13,58442,30.9,1,6,61877,-5.551335714401151
312,2017-08-14,63801,31.3,0,0,58442,9.169775161698778
313,2017-08-15,54245,26.3,0,1,63801,-14.977821664237236
314,2017-08-16,52039,26.7,0,2,54245,-4.066734261222233
315,2017-08-17,50230,26.1,0,3,52039,-3.4762389746151925
316,2017-08-18,51585,26.6,0,4,50230,2.6975910810272747
317,2017-08-19,51165,28.0,1,5,51585,-0.8141901715615005
318,2017-08-20,50480,29.4,1,6,51165,-1.3388058242939511
319,2017-08-21,56586,30.3,0,0,50480,12.095879556259904
320,2017-08-22,66562,31.1,0,1,56586,17.629802424628
321,2017-08-25,58060,28.4,0,4,58093,-0.056805467095863524
322,2017-08-26,55796,28.1,1,5,58060,-3.8994143988976924
323,2017-08-27,54341,28.7,1,6,55796,-2.607713814610366
324,2017-08-28,61587,29.3,0,0,54341,13.334314789937615
325,2017-08-29,59217,27.4,0,1,61587,-3.848214720639096
326,2017-08-30,56786,26.9,0,2,59217,-4.105240049310164
327,2017-08-31,57828,29.1,0,3,56786,1.8349593209593913
328,2017-09-01,55904,30.0,0,4,57828,-3.3271079753752506
329,2017-09-02,50150,30.9,1,5,55904,-10.292644533485976
330,2017-09-03,49972,29.4,1,6,50150,-0.35493519441674976
331,2017-09-06,63587,30.2,0,2,58408,8.86693603615943
332,2017-09-07,59892,28.8,0,3,63587,-5.810936197650463
333,2017-09-08,53772,27.8,0,4,59892,-10.218393107593668
334,2017-09-09,51412,28.1,1,5,53772,-4.3889012869151225
335,2017-09-10,48462,28.1,1,6,51412,-5.737960009336342
336,2017-09-11,53221,28.0,0,0,48462,9.8200652057282
337,2017-09-12,55525,28.8,0,1,53221,4.329118205219744
338,2017-09-13,56049,30.1,0,2,55525,0.9437190454750113
339,2017-09-14,55739,28.9,0,3,56049,-0.5530874770290282
340,2017-09-15,52412,28.0,0,4,55739,-5.968890722833205
341,2017-09-16,46676,25.4,1,5,52412,-10.94405861253148
342,2017-09-19,58615,31.0,0,1,55302,5.990741745325667
343,2017-09-20,57766,29.4,0,2,58615,-1.4484347010150986
344,2017-09-21,58485,29.7,0,3,57766,1.244676799501437
345,2017-09-22,56610,28.7,0,4,58485,-3.2059502436522185
346,2017-09-23,53099,28.9,1,5,56610,-6.202084437378555
347,2017-09-24,52989,29.9,1,6,53099,-0.2071602101734496
348,2017-09-25,54576,27.5,0,0,52989,2.994961218366076
349,2017-09-26,54334,28.9,0,1,54576,-0.4434183523893287
350,2017-09-27,57023,29.3,0,2,54334,4.949019030441344
351,2017-09-28,58640,30.0,0,3,57023,2.8356978762955296
352,2017-09-29,59240,29.0,0,4,58640,1.023192360163711
353,2017-09-30,55743,28.4,1,5,59240,-5.903106009453072
354,2017-10-01,50730,28.9,1,6,55743,-8.993057424250578
355,2017-10-02,56587,29.2,0,0,50730,11.545436625271043
356,2017-10-03,50017,26.5,0,1,56587,-11.610440560552778
357,2017-10-04,52698,27.2,0,2,50017,5.360177539636524
358,2017-10-05,52559,26.3,0,3,52698,-0.26376712588713047
359,2017-10-06,51616,26.9,0,4,52559,-1.7941741661751558
360,2017-10-07,47108,25.9,1,5,51616,-8.733725976441413
361,2017-10-08,44789,27.0,1,6,47108,-4.922730746370043
362,2017-10-09,51925,28.0,0,0,44789,15.932483422268861
363,2017-10-10,50261,26.2,0,1,51925,-3.204622051035147
364,2017-10-11,49767,25.8,0,2,50261,-0.982869421619148
365,2017-10-12,50180,26.5,0,3,49767,0.8298671810637571
366,2017-10-13,48590,26.2,0,4,50180,-3.1685930649661223
367,2017-10-14,45585,26.3,1,5,48590,-6.184400082321465
368,2017-10-15,41885,26.8,1,6,45585,-8.11670505648788
369,2017-10-16,43528,22.6,0,0,41885,3.9226453384266446
370,2017-10-17,42096,21.4,0,1,43528,-3.289836427127366
371,2017-10-18,42323,21.0,0,2,42096,0.5392436335993919
372,2017-10-19,43000,23.3,0,3,42323,1.5996030527136544
373,2017-10-20,43293,25.7,0,4,43000,0.6813953488372093
374,2017-10-21,43705,26.3,1,5,43293,0.9516550019633659
375,2017-10-22,41190,25.5,1,6,43705,-5.754490332913854
376,2017-10-23,42655,24.4,0,0,41190,3.55668851663025
377,2017-10-24,43454,23.7,0,1,42655,1.873168444496542
378,2017-10-25,44374,24.9,0,2,43454,2.1171813872140657
379,2017-10-26,45309,25.6,0,3,44374,2.107089737233515
380,2017-10-27,46124,25.8,0,4,45309,1.7987596283299125
381,2017-10-28,44178,26.1,1,5,46124,-4.219061659873384
382,2017-10-29,40331,25.8,1,6,44178,-8.70795418534112
383,2017-10-30,42648,23.9,0,0,40331,5.744960452257568
384,2017-10-31,42521,22.4,0,1,42648,-0.29778653160757834
385,2017-11-01,45027,22.4,0,2,42521,5.893558476987841
386,2017-11-02,45870,23.5,0,3,45027,1.8722100073289358
387,2017-11-03,45637,24.7,0,4,45870,-0.5079572705471986
388,2017-11-04,42854,24.0,1,5,45637,-6.098122137739115
389,2017-11-05,39837,23.0,1,6,42854,-7.040182946749428
390,2017-11-06,42976,22.8,0,0,39837,7.879609408338982
391,2017-11-07,40896,22.2,0,1,42976,-4.839910647803425
392,2017-11-10,45793,24.2,0,4,44234,3.5244382149477773
393,2017-11-11,44419,25.7,1,5,45793,-3.0004585853733103
394,2017-11-12,41519,25.5,1,6,44419,-6.5287377023345865
395,2017-11-13,46799,25.9,0,0,41519,12.717069293576436
396,2017-11-14,48323,26.1,0,1,46799,3.2564798393128056
397,2017-11-15,48501,26.0,0,2,48323,0.36835461374500755
398,2017-11-16,49335,26.4,0,3,48501,1.7195521741819757
399,2017-11-17,50686,27.5,0,4,49335,2.7384209992905646
400,2017-11-18,45861,25.9,1,5,50686,-9.51939391547962
401,2017-11-19,39110,20.4,1,6,45861,-14.720568674908966
402,2017-11-20,41964,19.5,0,0,39110,7.297366402454615
403,2017-11-21,42068,18.6,0,1,41964,0.24783147459727387
404,2017-11-22,42001,18.1,0,2,42068,-0.159265950366074
405,2017-11-23,41797,18.1,0,3,42001,-0.48570272136377707
406,2017-11-24,41697,15.5,0,4,41797,-0.23925162092973182
407,2017-11-25,40057,15.4,1,5,41697,-3.933136676499508
408,2017-11-26,37521,17.5,1,6,40057,-6.330978355842924
409,2017-11-27,40831,18.9,0,0,37521,8.821726499826763
410,2017-11-28,41807,20.9,0,1,40831,2.390340672528226
411,2017-11-29,42248,22.7,0,2,41807,1.0548472743798885
412,2017-11-30,42066,23.1,0,3,42248,-0.43078962317742847
413,2017-12-03,37900,20.2,1,6,39504,-4.060348319157554
414,2017-12-04,42569,21.2,0,0,37900,12.319261213720317
415,2017-12-05,43071,20.3,0,1,42569,1.1792619042025887
416,2017-12-06,43155,20.2,0,2,43071,0.19502681618722573
417,2017-12-07,43495,20.1,0,3,43155,0.7878577221642915
418,2017-12-08,43232,19.3,0,4,43495,-0.6046672031267961
419,2017-12-09,41814,17.7,1,5,43232,-3.279977794226499
420,2017-12-10,38959,16.9,1,6,41814,-6.82785669871335
421,2017-12-11,42768,17.2,0,0,38959,9.776944993454658
422,2017-12-12,43898,16.0,0,1,42768,2.642162364384587
423,2017-12-13,44695,15.8,0,2,43898,1.81557246343797
424,2017-12-14,44914,16.7,0,3,44695,0.4899876943729724
425,2017-12-15,44891,16.6,0,4,44914,-0.05120897715634323
426,2017-12-16,42904,18.1,1,5,44891,-4.426276982023122
427,2017-12-17,39983,15.7,1,6,42904,-6.808223009509602
428,2017-12-18,43650,15.0,0,0,39983,9.171397844083735
429,2017-12-19,44309,14.8,0,1,43650,1.5097365406643757
430,2017-12-20,44677,14.1,0,2,44309,0.8305310433546231
431,2017-12-21,44442,16.0,0,3,44677,-0.5259977169460796
432,2017-12-22,43919,17.5,0,4,44442,-1.1768147248098646
433,2017-12-23,42314,16.7,1,5,43919,-3.6544547917757693
434,2017-12-24,39367,18.8,1,6,42314,-6.964598005388288
435,2017-12-25,40788,16.5,0,0,39367,3.6096222724617064
436,2017-12-28,42133,15.9,0,3,41761,0.890783266684227
437,2017-12-29,47844,17.9,0,4,42133,13.554695844112691
438,2017-12-30,46038,18.3,1,5,47844,-3.774767995986958
439,2017-12-31,45721,17.7,1,6,46038,-0.6885616230070811
440,2018-01-01,35735,17.7,1,0,45721,-21.841167078585332
441,2018-01-02,42679,18.0,0,1,35735,19.43192948090108
442,2018-01-03,45626,19.4,0,2,42679,6.905035263244219
443,2018-01-04,46061,19.9,0,3,45626,0.9534037610134571
444,2018-01-05,46113,20.5,0,4,46061,0.11289377130327174
445,2018-01-06,44341,20.1,1,5,46113,-3.84273415305879
446,2018-01-07,41519,20.3,1,6,44341,-6.3643129383640415
447,2018-01-08,45365,18.0,0,0,41519,9.263228883161926
448,2018-01-09,47268,11.9,0,1,45365,4.1948638818472395
449,2018-01-10,47941,13.7,0,2,47268,1.4237962257764238
450,2018-01-11,47770,14.4,0,3,47941,-0.3566884295279614
451,2018-01-12,47166,15.2,0,4,47770,-1.2643918777475402
452,2018-01-13,45367,15.0,1,5,47166,-3.8141881864054614
453,2018-01-14,42797,16.0,1,6,45367,-5.664910617849979
454,2018-01-15,46097,17.1,0,0,42797,7.710820851928873
455,2018-01-16,47540,17.5,0,1,46097,3.1303555545914055
456,2018-01-17,47291,19.5,0,2,47540,-0.5237694572991165
457,2018-01-18,46997,19.7,0,3,47291,-0.6216827726205831
458,2018-01-19,46921,21.6,0,4,46997,-0.16171244973083387
459,2018-01-20,44936,19.9,1,5,46921,-4.2305151211611
460,2018-01-21,42204,20.9,1,6,44936,-6.079757877870749
461,2018-01-22,45429,21.2,0,0,42204,7.641455786181404
462,2018-01-23,46183,21.5,0,1,45429,1.659732769816637
463,2018-01-24,46566,22.0,0,2,46183,0.8293094861745663
464,2018-01-25,46983,23.3,0,3,46566,0.8955031568096895
465,2018-01-26,45790,21.2,0,4,46983,-2.5392163122831666
466,2018-01-27,41574,18.4,1,5,45790,-9.207250491373662
467,2018-01-28,40956,15.5,1,6,41574,-1.4865059893202481
468,2018-01-29,46191,12.4,0,0,40956,12.782009961910342
469,2018-01-30,48916,11.3,0,1,46191,5.8994176354701136
470,2018-01-31,49933,11.7,0,2,48916,2.079074331507073
471,2018-02-01,48924,13.8,0,3,49933,-2.020707748382833
472,2018-02-02,48717,13.9,0,4,48924,-0.42310522442972776
473,2018-02-03,46745,14.3,1,5,48717,-4.047868300593223
474,2018-02-04,44015,14.0,1,6,46745,-5.840196812493314
475,2018-02-05,47535,13.3,0,0,44015,7.99727365670794
476,2018-02-06,48272,13.1,0,1,47535,1.5504365204586095
477,2018-02-07,48314,14.1,0,2,48272,0.08700696055684454
478,2018-02-08,47566,14.7,0,3,48314,-1.5482054890921886
479,2018-02-09,45629,15.6,0,4,47566,-4.072236471429172
480,2018-02-10,43197,16.5,1,5,45629,-5.329943676170856
481,2018-02-11,39380,15.8,1,6,43197,-8.836261777438247
482,2018-02-12,39725,14.1,0,0,39380,0.8760792280345353
483,2018-02-13,36032,15.8,0,1,39725,-9.296412838263059
484,2018-02-14,31712,17.4,1,2,36032,-11.989342806394317
485,2018-02-15,34252,19.6,1,3,31712,8.009586276488395
486,2018-02-16,27636,20.8,1,4,34252,-19.315660399392737
487,2018-02-17,26938,21.3,1,5,27636,-2.5256911275148357
488,2018-02-18,27236,20.5,1,6,26938,1.1062439676293712
489,2018-02-19,28705,21.3,1,0,27236,5.393596710236452
490,2018-02-20,31314,22.4,1,1,28705,9.089008883469779
491,2018-02-21,37127,22.6,0,2,31314,18.563581784505335
492,2018-02-22,38912,18.7,0,3,37127,4.807821800845746
493,2018-02-23,40151,15.8,0,4,38912,3.1841077302631584
494,2018-02-24,40113,16.6,1,5,40151,-0.09464272371796469
495,2018-02-25,38796,17.9,1,6,40113,-3.283224889686635
496,2018-02-26,42491,18.9,0,0,38796,9.524177750283535
497,2018-02-27,43472,19.7,0,1,42491,2.3087242004189124
498,2018-02-28,43874,21.9,0,2,43472,0.9247331615752669
499,2018-03-01,42662,23.2,0,3,43874,-2.7624561243561105
500,2018-03-02,44692,23.2,0,4,42662,4.758332942665604
501,2018-03-03,43087,24.4,1,5,44692,-3.591246755571467
502,2018-03-04,41457,25.8,1,6,43087,-3.7830436094413633
503,2018-03-05,46897,25.5,0,0,41457,13.122030055237957
504,2018-03-06,47846,25.3,0,1,46897,2.0235835980979595
505,2018-03-07,48151,24.4,0,2,47846,0.6374618567905362
506,2018-03-08,44240,19.6,0,3,48151,-8.122365059915682
507,2018-03-09,44155,19.1,0,4,44240,-0.19213381555153705
508,2018-03-10,41963,18.1,1,5,44155,-4.964330200430302
509,2018-03-11,39423,18.6,1,6,41963,-6.052951409575102
510,2018-03-12,43841,19.4,0,0,39423,11.206656012987343
511,2018-03-13,45458,19.3,0,1,43841,3.6883282771834587
512,2018-03-14,46027,21.2,0,2,45458,1.2517048704298472
513,2018-03-15,46716,23.4,0,3,46027,1.4969474438916288
514,2018-03-16,46611,23.1,0,4,46716,-0.22476239404058568
515,2018-03-17,43221,23.2,1,5,46611,-7.272961318143786
516,2018-03-18,41307,23.4,1,6,43221,-4.428402859720968
517,2018-03-19,47042,24.9,0,0,41307,13.883845353087853
518,2018-03-20,46433,23.2,0,1,47042,-1.294587815143914
519,2018-03-21,45167,20.9,0,2,46433,-2.7265091637413046
520,2018-03-22,45111,20.3,0,3,45167,-0.12398432483893108
521,2018-03-23,45349,21.1,0,4,45111,0.5275875063731684
522,2018-03-24,43932,21.4,1,5,45349,-3.124655449954795
523,2018-03-25,40748,22.1,1,6,43932,-7.247564417736502
524,2018-03-26,45344,22.8,0,0,40748,11.279081181898498
525,2018-03-27,46806,23.1,1,1,45344,3.2242413549753
526,2018-03-28,46887,23.8,0,2,46806,0.17305473657223433
527,2018-03-29,47780,24.5,0,3,46887,1.9045790944184955
528,2018-03-30,47213,24.1,0,4,47780,-1.1866889912097112
529,2018-03-31,44795,24.3,1,5,47213,-5.121470781352593
530,2018-04-01,41490,24.7,1,6,44795,-7.378055586561
531,2018-04-02,47866,24.8,0,0,41490,15.367558447818752
532,2018-04-03,48289,24.3,0,1,47866,0.883717043412861
533,2018-04-04,48364,24.7,0,2,48289,0.15531487502329724
534,2018-04-05,48497,24.8,0,3,48364,0.2749979323463733
535,2018-04-06,45930,21.6,0,4,48497,-5.293110914077159
536,2018-04-07,42533,19.8,1,5,45930,-7.396037448290878
537,2018-04-08,39661,19.5,1,6,42533,-6.7524040157054515
538,2018-04-09,44432,21.0,0,0,39661,12.029449585234865
539,2018-04-10,46177,22.4,0,1,44432,3.9273496579042133
540,2018-04-11,47567,24.3,0,2,46177,3.010156571453321
541,2018-04-12,48745,24.8,0,3,47567,2.476506821956398
542,2018-04-13,49726,25.7,0,4,48745,2.0125141040106675
543,2018-04-14,47868,25.6,1,5,49726,-3.736475887865503
544,2018-04-15,41196,22.0,1,6,47868,-13.938330408623715
545,2018-04-16,44936,21.0,0,0,41196,9.078551315661715
546,2018-04-17,46371,22.8,0,1,44936,3.1934306569343067
547,2018-04-18,46537,23.1,0,2,46371,0.35798235966444547
548,2018-04-19,47299,24.0,0,3,46537,1.6374067945935493
549,2018-04-20,48832,25.4,0,4,47299,3.2410833210004437
550,2018-04-21,48740,27.0,1,5,48832,-0.18840104849279163
551,2018-04-22,45880,26.8,1,6,48740,-5.867870332375872
552,2018-04-23,51849,27.0,0,0,45880,13.010026155187445
553,2018-04-24,52317,26.8,0,1,51849,0.9026210727304288
554,2018-04-25,43670,24.4,0,2,52317,-16.5280883842728
555,2018-04-26,48335,25.4,0,3,43670,10.68239065720174
556,2018-04-27,46233,23.2,0,4,48335,-4.348815558084204
557,2018-04-30,36571,26.7,1,0,38705,-5.513499547862033
558,2018-05-01,39283,28.2,1,1,36571,7.415711902873862
559,2018-05-02,49098,27.5,0,2,39283,24.985362625054094
560,2018-05-03,50285,26.0,0,3,49098,2.4176137520876613
561,2018-05-04,52387,27.6,0,4,50285,4.18017301382122
562,2018-05-05,51685,27.6,1,5,52387,-1.3400271059614026
563,2018-05-06,50422,29.2,1,6,51685,-2.4436490277643417
564,2018-05-07,61665,31.2,0,0,50422,22.29780651303003
565,2018-05-08,65083,30.9,0,1,61665,5.542852509527284
566,2018-05-09,63076,29.8,0,2,65083,-3.0837545902923957
567,2018-05-10,58663,27.5,0,3,63076,-6.996321897393621
568,2018-05-11,58272,27.9,0,4,58663,-0.6665189301604078
569,2018-05-12,51998,27.9,1,5,58272,-10.766749038989566
570,2018-05-13,47558,26.2,1,6,51998,-8.538789953459748
571,2018-05-14,58160,28.5,0,0,47558,22.29277934311788
572,2018-05-15,61683,29.4,0,1,58160,6.057427785419532
573,2018-05-16,65254,30.3,0,2,61683,5.789277434625424
574,2018-05-17,66748,30.7,0,3,65254,2.289514819014926
575,2018-05-18,64057,28.6,0,4,66748,-4.031581470605861
576,2018-05-19,58756,29.1,1,5,64057,-8.275442184304604
577,2018-05-20,56701,29.8,1,6,58756,-3.4975151473892025
578,2018-05-21,62304,28.9,0,0,56701,9.881659935450873
579,2018-05-22,62899,29.6,0,1,62304,0.954994863893169
580,2018-05-23,64633,29.7,0,2,62899,2.7568005850649455
581,2018-05-24,66176,30.1,0,3,64633,2.3873253601101605
582,2018-05-25,68171,31.3,0,4,66176,3.0146881044487426
583,2018-05-26,65537,31.7,1,5,68171,-3.8638130583385895
584,2018-05-27,54829,28.3,1,6,65537,-16.338862016875964
585,2018-05-28,52662,25.6,0,0,54829,-3.952288022761677
586,2018-05-29,56043,28.9,0,1,52662,6.420189130682466
587,2018-05-30,60303,29.4,0,2,56043,7.60130613992827
588,2018-05-31,62194,30.1,0,3,60303,3.135830721522976
589,2018-06-01,58250,27.2,0,4,62194,-6.341447728076663
590,2018-06-02,54182,27.6,1,5,58250,-6.983690987124463
591,2018-06-03,52383,29.2,1,6,54182,-3.320290871507143
592,2018-06-04,61533,29.6,0,0,52383,17.46749899776645
593,2018-06-05,58195,28.6,0,1,61533,-5.424731444915736
594,2018-06-06,63861,30.5,0,2,58195,9.736231635020191
595,2018-06-07,69060,31.6,0,3,63861,8.141118992812514
596,2018-06-08,70862,32.1,0,4,69060,2.6093252244425136
597,2018-06-09,63198,28.9,1,5,70862,-10.815387654878496
598,2018-06-10,56370,30.5,1,6,63198,-10.804139371499097
599,2018-06-11,62394,28.6,0,0,56370,10.686535391165513
600,2018-06-12,64612,30.4,0,1,62394,3.554828989966984
601,2018-06-13,67101,31.3,0,2,64612,3.852225592769145
602,2018-06-14,68361,31.1,0,3,67101,1.8777663522153172
603,2018-06-15,59518,27.5,0,4,68361,-12.93573821330876
604,2018-06-16,56028,28.0,1,5,59518,-5.863772304176887
605,2018-06-17,50655,28.2,1,6,56028,-9.58984793317627
606,2018-06-18,62554,30.1,0,0,50655,23.490277366498866
607,2018-06-19,67900,30.3,0,1,62554,8.546216069316111
608,2018-06-20,69585,30.9,0,2,67900,2.4815905743740796
609,2018-06-21,70327,31.8,0,3,69585,1.0663217647481498
610,2018-06-22,75809,33.0,0,4,70327,7.795014716965035
611,2018-06-23,71815,32.6,1,5,75809,-5.268503739661518
612,2018-06-24,63550,31.3,1,6,71815,-11.508737728886723
613,2018-06-25,64487,29.2,0,0,63550,1.4744295830055074
614,2018-06-26,61077,28.7,0,1,64487,-5.287887481197761
615,2018-06-27,55797,26.2,0,2,61077,-8.644825384350902
616,2018-06-28,59658,29.4,0,3,55797,6.9197268670358625
617,2018-06-29,66356,31.7,0,4,59658,11.227329109256093
618,2018-06-30,68705,32.7,1,5,66356,3.539996383145458
619,2018-07-01,69205,33.2,1,6,68705,0.727749072119933
620,2018-07-02,80753,34.2,0,0,69205,16.68665558846904
621,2018-07-03,83946,34.7,0,1,80753,3.954032667516996
622,2018-07-04,85619,34.4,0,2,83946,1.9929478474257258
623,2018-07-05,87194,34.6,0,3,85619,1.8395449608147725
624,2018-07-06,85194,33.7,0,4,87194,-2.293735807509691
625,2018-07-07,70496,29.8,1,5,85194,-17.252388665868487
626,2018-07-08,56600,29.0,1,6,70496,-19.711756695415342
627,2018-07-09,62588,29.3,0,0,56600,10.579505300353356
628,2018-07-10,61443,29.1,0,1,62588,-1.8294241707675594
629,2018-07-11,64276,29.8,0,2,61443,4.610777468548085
630,2018-07-12,69605,31.4,0,3,64276,8.2908083888232
631,2018-07-13,65719,30.0,0,4,69605,-5.582932260613462
632,2018-07-14,56540,27.8,1,5,65719,-13.967041494849283
633,2018-07-15,48494,26.9,1,6,56540,-14.230633180049523
634,2018-07-16,54679,28.4,0,0,48494,12.75415515321483
635,2018-07-17,55972,27.2,0,1,54679,2.3647104007022803
636,2018-07-18,56024,28.0,0,2,55972,0.0929035946544701
637,2018-07-19,54403,27.0,0,3,56024,-2.893402827359703
638,2018-07-20,53883,27.5,0,4,54403,-0.9558296417476977
639,2018-07-21,48861,26.0,1,5,53883,-9.320193753131784
640,2018-07-22,49010,29.4,1,6,48861,0.30494668549558956
641,2018-07-23,60378,30.8,0,0,49010,23.19526627218935
642,2018-07-24,62993,30.4,0,1,60378,4.331047732617841
643,2018-07-25,61155,28.6,0,2,62993,-2.9177845157398443
644,2018-07-26,57998,27.5,0,3,61155,-5.162292535360969
645,2018-07-27,54900,26.1,0,4,57998,-5.3415635021897305
646,2018-07-28,51904,27.6,1,5,54900,-5.457194899817851
647,2018-07-29,48668,27.9,1,6,51904,-6.234586929716399
648,2018-07-30,55961,27.5,0,0,48668,14.98520588477028
649,2018-07-31,56436,27.6,0,1,55961,0.8488054180590053
650,2018-08-01,56620,28.2,0,2,56436,0.3260330285633284
651,2018-08-02,57094,27.9,0,3,56620,0.837160014129283
652,2018-08-03,57234,28.4,0,4,57094,0.24520965425438748
653,2018-08-04,52606,27.4,1,5,57234,-8.086102666247335
654,2018-08-05,47368,27.1,1,6,52606,-9.957039121012812
655,2018-08-06,56868,28.7,0,0,47368,20.055733828745144
656,2018-08-07,58565,28.3,0,1,56868,2.984103538017866
657,2018-08-08,60429,29.3,0,2,58565,3.182788354819431
658,2018-08-09,60914,29.1,0,3,60429,0.8025947806516739
659,2018-08-10,62755,30.1,0,4,60914,3.0222937255803264
660,2018-08-11,62621,31.0,1,5,62755,-0.2135288024858577
661,2018-08-12,55397,28.5,1,6,62621,-11.53606617588349
662,2018-08-13,64090,29.8,0,0,55397,15.692185497409609
663,2018-08-14,68308,30.8,0,1,64090,6.5813699485099075
664,2018-08-15,61771,29.1,0,2,68308,-9.569889324822862
665,2018-08-16,57959,27.2,0,3,61771,-6.171180651114601
666,2018-08-17,55878,27.4,0,4,57959,-3.5904691247260994
667,2018-08-18,52151,27.0,1,5,55878,-6.669887970220838
668,2018-08-19,51776,29.0,1,6,52151,-0.719065789725988
669,2018-08-20,63904,30.6,0,0,51776,23.42398022249691
670,2018-08-21,64779,29.9,0,1,63904,1.3692413620430646
671,2018-08-22,64727,29.0,0,2,64779,-0.08027292795504716
672,2018-08-23,65347,29.7,0,3,64727,0.9578692045050751
673,2018-08-24,63968,30.2,0,4,65347,-2.110272851087273
674,2018-08-25,58325,28.9,1,5,63968,-8.821598299149574
675,2018-08-26,56466,29.6,1,6,58325,-3.1873124732104587
676,2018-08-27,64051,29.8,0,0,56466,13.432862253391423
677,2018-08-28,57105,25.8,0,1,64051,-10.844483302368426
678,2018-08-29,53809,25.7,0,2,57105,-5.771823833289554
679,2018-08-30,53873,26.0,0,3,53809,0.1189392109126726
680,2018-08-31,56163,28.9,0,4,53873,4.250737846416572
681,2018-09-01,52577,30.4,1,5,56163,-6.3849865569859166
682,2018-09-02,43495,28.2,1,6,52577,-17.273712840215303
683,2018-09-03,44370,26.2,1,0,43495,2.0117254856880105
684,2018-09-04,56358,28.5,0,1,44370,27.01825557809331
685,2018-09-05,62974,30.5,0,2,56358,11.739238439973029
686,2018-09-06,67509,31.3,0,3,62974,7.201384698446978
687,2018-09-07,65482,30.0,0,4,67509,-3.0025626212801257
688,2018-09-08,54387,28.6,1,5,65482,-16.943587550777313
689,2018-09-09,49385,27.8,1,6,54387,-9.197050765808006
690,2018-09-10,55300,27.5,0,0,49385,11.977321048901489
691,2018-09-11,57744,28.6,0,1,55300,4.419529837251356
692,2018-09-12,59809,29.0,0,2,57744,3.576129121640344
693,2018-09-13,60865,29.4,0,3,59809,1.7656205587787792
694,2018-09-14,58886,28.0,0,4,60865,-3.2514581450751665
695,2018-09-15,57610,29.2,1,5,58886,-2.166898753523758
696,2018-09-16,57706,31.0,1,6,57610,0.16663773650407915
697,2018-09-17,59277,28.7,0,0,57706,2.722420545523862
698,2018-09-18,55353,25.9,0,1,59277,-6.6197682068930614
699,2018-09-19,54304,26.1,0,2,55353,-1.895109569490362
700,2018-09-20,57883,28.7,0,3,54304,6.590674720094284
701,2018-09-21,59383,28.8,0,4,57883,2.5914344453466476
702,2018-09-22,57967,29.5,1,5,59383,-2.3845208224576058
703,2018-09-23,54007,29.2,1,6,57967,-6.831473079510757
704,2018-09-24,61021,29.5,0,0,54007,12.987205362267854
705,2018-09-25,63490,29.6,0,1,61021,4.046148047393521
706,2018-09-26,62272,29.1,0,2,63490,-1.918412348401323
707,2018-09-27,56957,26.5,0,3,62272,-8.535136176772868
708,2018-09-28,51631,24.9,0,4,56957,-9.350913847288306
709,2018-09-29,49051,26.5,1,5,51631,-4.996997927601635
710,2018-09-30,46515,27.4,1,6,49051,-5.170129049356792
711,2018-10-01,53794,26.9,0,0,46515,15.648715468128561
712,2018-10-02,55020,26.7,0,1,53794,2.2790645796929025
713,2018-10-03,55004,26.9,0,2,55020,-0.02908033442384587
714,2018-10-04,55606,27.2,0,3,55004,1.0944658570285797
715,2018-10-05,55355,26.4,0,4,55606,-0.45139013775491854
716,2018-10-06,52952,26.6,1,5,55355,-4.341071267274862
717,2018-10-07,49097,27.6,1,6,52952,-7.280178274663847
718,2018-10-08,55857,27.4,0,0,49097,13.76866203637697
719,2018-10-09,57133,27.8,0,1,55857,2.2844048194496662
720,2018-10-10,48377,21.1,0,2,57133,-15.325643673533683
721,2018-10-11,47686,23.5,0,3,48377,-1.4283647187713169
722,2018-10-12,48270,24.8,0,4,47686,1.2246781025877616
723,2018-10-13,46937,24.9,1,5,48270,-2.7615496167391753
724,2018-10-14,45923,27.2,1,6,46937,-2.160342586871764
725,2018-10-15,55691,28.4,0,0,45923,21.270387387583565
726,2018-10-16,49477,22.6,0,1,55691,-11.157996803792354
727,2018-10-17,47706,21.9,0,2,49477,-3.5794409523617032
728,2018-10-18,47142,21.5,0,3,47706,-1.182241227518551
729,2018-10-19,47342,22.2,0,4,47142,0.4242501378812948
730,2018-10-20,46834,24.6,1,5,47342,-1.0730429639643446
731,2018-10-21,46030,27.4,1,6,46834,-1.716701541615066
732,2018-10-22,52713,27.1,0,0,46030,14.518792092113838
733,2018-10-23,51118,24.6,0,1,52713,-3.025819057917402
734,2018-10-24,49850,23.5,0,2,51118,-2.4805352322078327
735,2018-10-25,53160,27.2,0,3,49850,6.639919759277833
736,2018-10-26,53631,27.4,0,4,53160,0.8860045146726861
737,2018-10-27,46725,24.9,1,5,53631,-12.876880908429825
738,2018-10-28,43398,25.0,1,6,46725,-7.120385232744783
739,2018-10-29,49956,26.0,0,0,43398,15.11129545140329
740,2018-10-30,50784,25.5,0,1,49956,1.6574585635359116
741,2018-10-31,49662,25.4,0,2,50784,-2.2093572778827975
742,2018-11-01,48657,23.5,0,3,49662,-2.0236800773227013
743,2018-11-02,48208,22.8,0,4,48657,-0.9227860328421399
744,2018-11-03,46537,22.9,1,5,48208,-3.46622967142383
745,2018-11-04,43556,23.9,1,6,46537,-6.405655714807572
746,2018-11-05,50236,25.6,0,0,43556,15.336578198181652
747,2018-11-06,52181,26.3,0,1,50236,3.871725455848395
748,2018-11-07,52976,26.8,0,2,52181,1.5235430520687607
749,2018-11-08,49741,24.6,0,3,52976,-6.106538810027183
750,2018-11-09,47834,22.0,0,4,49741,-3.8338593916487405
751,2018-11-10,45564,22.5,1,5,47834,-4.74557845883681
752,2018-11-11,43347,24.3,1,6,45564,-4.865683434290229
753,2018-11-12,48496,23.9,0,0,43347,11.878561376796547
754,2018-11-13,50018,24.7,0,1,48496,3.138403167271527
755,2018-11-14,50879,25.3,0,2,50018,1.7213803030908872
756,2018-11-15,52271,26.3,0,3,50879,2.735902828278858
757,2018-11-16,52315,26.9,0,4,52271,0.08417669453425418
758,2018-11-17,49563,26.6,1,5,52315,-5.260441555959094
759,2018-11-18,45898,26.6,1,6,49563,-7.394629057966629
760,2018-11-19,48231,23.3,0,0,45898,5.083010152947841
761,2018-11-20,50537,24.8,0,1,48231,4.781157346934544
762,2018-11-21,51564,26.6,0,2,50537,2.032174446445179
763,2018-11-22,46268,18.7,0,3,51564,-10.270731518113413
764,2018-11-23,46288,19.1,0,4,46268,0.04322641998789661
765,2018-11-24,44443,20.6,1,5,46288,-3.98591427583823
766,2018-11-25,41219,21.7,1,6,44443,-7.254235762662287
767,2018-11-26,45884,22.0,0,0,41219,11.317596254154637
768,2018-11-27,46800,20.9,0,1,45884,1.9963385929735855
769,2018-11-28,47226,21.3,0,2,46800,0.9102564102564101
770,2018-11-29,47475,21.5,0,3,47226,0.5272519374920595
771,2018-11-30,47976,24.5,0,4,47475,1.0552922590837284
772,2018-12-01,46637,24.6,1,5,47976,-2.7909788227447057
773,2018-12-02,43818,25.8,1,6,46637,-6.0445568968844485
774,2018-12-03,50119,25.4,0,0,43818,14.379935186453055
775,2018-12-04,51653,25.8,0,1,50119,3.060715497116862
776,2018-12-05,51614,25.3,0,2,51653,-0.07550384295200666
777,2018-12-06,52068,25.9,0,3,51614,0.8796063083659471
778,2018-12-07,49868,24.4,0,4,52068,-4.225243911807636
779,2018-12-08,44053,15.8,1,5,49868,-11.66078447100345
780,2018-12-09,41647,14.5,1,6,44053,-5.4616030690304855
781,2018-12-10,45964,16.6,0,0,41647,10.365692606910462
782,2018-12-11,47311,15.3,0,1,45964,2.930554346880167
783,2018-12-12,49236,11.7,0,2,47311,4.068821204371076
784,2018-12-13,50202,13.5,0,3,49236,1.9619790397270291
785,2018-12-14,49416,15.6,0,4,50202,-1.5656746743157641
786,2018-12-15,46389,16.7,1,5,49416,-6.125546381738708
787,2018-12-16,43353,17.4,1,6,46389,-6.544654982862316
788,2018-12-17,46822,17.9,0,0,43353,8.001753050538602
789,2018-12-18,47068,17.4,0,1,46822,0.5253940455341506
790,2018-12-19,47726,20.8,0,2,47068,1.3979773944080904
791,2018-12-20,48266,22.5,0,3,47726,1.1314587436617358
792,2018-12-21,48398,23.6,0,4,48266,0.2734844403928231
793,2018-12-22,46831,24.2,1,5,48398,-3.2377370965742385
794,2018-12-23,43469,23.2,1,6,46831,-7.179005359697636
795,2018-12-24,46649,21.8,0,0,43469,7.3155582138995605
796,2018-12-25,47862,21.9,0,1,46649,2.6002701022529955
797,2018-12-26,48722,23.5,0,2,47862,1.7968325602774642
798,2018-12-27,48477,23.1,0,3,48722,-0.5028529206518616
799,2018-12-28,46489,17.0,0,4,48477,-4.10091383542711
800,2018-12-29,44340,13.2,1,5,46489,-4.622598894362107
801,2018-12-30,42016,10.1,1,6,44340,-5.241317095173658
802,2018-12-31,42281,11.3,1,0,42016,0.6307121096725057
803,2019-01-01,41182,11.8,1,1,42281,-2.5992762706653108
804,2019-01-02,48531,13.8,0,2,41182,17.845175076489728
805,2019-01-03,50257,15.4,0,3,48531,3.5564896663987966
806,2019-01-04,49993,16.6,0,4,50257,-0.525299958214776
807,2019-01-05,48717,19.0,1,5,49993,-2.552357330026204
808,2019-01-06,44927,19.1,1,6,48717,-7.7796251821746
809,2019-01-07,48611,19.4,0,0,44927,8.199968838337748
810,2019-01-08,49801,17.5,0,1,48611,2.4480055954413613
811,2019-01-09,50774,13.8,0,2,49801,1.9537760285938035
812,2019-01-10,51586,15.1,0,3,50774,1.599243707409304
813,2019-01-11,50532,17.8,0,4,51586,-2.0431900127941693
814,2019-01-12,48171,20.0,1,5,50532,-4.67228686772738
815,2019-01-13,44453,20.7,1,6,48171,-7.718336758630712
816,2019-01-14,48460,21.2,0,0,44453,9.014014802150585
817,2019-01-15,49170,20.0,0,1,48460,1.4651258770119686
818,2019-01-16,50000,14.2,0,2,49170,1.6880211511083993
819,2019-01-17,50703,14.3,0,3,50000,1.406
820,2019-01-18,50039,16.1,0,4,50703,-1.3095872039129834
821,2019-01-19,47999,17.6,1,5,50039,-4.0768200803373364
822,2019-01-20,45098,18.5,1,6,47999,-6.043875914081543
823,2019-01-21,49046,16.3,0,0,45098,8.754268481972593
824,2019-01-22,50149,15.8,0,1,49046,2.2489091872935614
825,2019-01-23,49725,16.7,0,2,50149,-0.8454804682047499
826,2019-01-24,49519,17.8,0,3,49725,-0.4142785319255908
827,2019-01-25,48772,18.1,0,4,49519,-1.508511884327228
828,2019-01-26,46464,19.2,1,5,48772,-4.732223406872796
829,2019-01-27,43617,17.9,1,6,46464,-6.127324380165289
830,2019-01-28,46711,20.2,0,0,43617,7.093564435885091
831,2019-01-29,46530,20.8,0,1,46711,-0.3874890282802766
832,2019-01-30,45571,22.4,0,2,46530,-2.061035890823125
833,2019-01-31,43465,22.5,0,3,45571,-4.621360075486603
834,2019-02-01,39947,21.6,0,4,43465,-8.09386862993213
835,2019-02-02,34421,21.0,1,5,39947,-13.833329161138508
836,2019-02-03,32012,22.2,1,6,34421,-6.9986345544870865
837,2019-02-04,34616,23.4,1,0,32012,8.134449581406972
838,2019-02-05,29076,23.6,1,1,34616,-16.00415992604576
839,2019-02-06,28672,24.7,1,2,29076,-1.3894620993259046
840,2019-02-07,29334,24.4,1,3,28672,2.308872767857143
841,2019-02-08,30930,25.4,1,4,29334,5.440785436694621
842,2019-02-09,32720,24.6,1,5,30930,5.7872615583575815
843,2019-02-10,36554,24.8,1,6,32720,11.71760391198044
844,2019-02-11,40812,21.7,0,0,36554,11.648519997811457
845,2019-02-12,42914,19.7,0,1,40812,5.150445947270411
846,2019-02-13,44780,21.6,0,2,42914,4.348231346413757
847,2019-02-14,45662,23.1,0,3,44780,1.9696292987941046
848,2019-02-15,46356,23.4,0,4,45662,1.519863343699356
849,2019-02-16,45069,23.7,1,5,46356,-2.776339632410044
850,2019-02-17,42104,22.9,1,6,45069,-6.57880139341898
851,2019-02-18,47046,24.1,0,0,42104,11.737602128063841
852,2019-02-19,48484,24.4,0,1,47046,3.0565829188453852
853,2019-02-20,49668,25.4,0,2,48484,2.442042735747876
854,2019-02-21,51314,26.0,0,3,49668,3.3140049931545463
855,2019-02-22,46579,19.4,0,4,51314,-9.227501266710838
856,2019-02-23,44140,16.8,1,5,46579,-5.236265269756758
857,2019-02-24,41385,16.1,1,6,44140,-6.241504304485727
858,2019-02-25,46182,16.2,0,0,41385,11.591156216020297
859,2019-02-26,47674,17.0,0,1,46182,3.2306959421419603
860,2019-02-27,48151,20.5,0,2,47674,1.0005453706422787
861,2019-02-28,48533,23.2,0,3,48151,0.793337625386804
862,2019-03-01,48529,23.7,0,4,48533,-0.008241814847629448
863,2019-03-02,47075,24.3,1,5,48529,-2.9961466339714398
864,2019-03-03,44120,25.2,1,6,47075,-6.277217206585236
865,2019-03-04,47842,22.3,0,0,44120,8.436083408884858
866,2019-03-05,51335,25.7,0,1,47842,7.30111617407299
867,2019-03-06,49354,23.4,0,2,51335,-3.8589656179994156
868,2019-03-07,47588,18.6,0,3,49354,-3.578230741175994
869,2019-03-08,47134,17.7,0,4,47588,-0.9540220223585779
870,2019-03-09,45673,19.3,1,5,47134,-3.099673271948063
871,2019-03-10,42253,19.3,1,6,45673,-7.488012611389662
872,2019-03-11,46624,21.4,0,0,42253,10.344827586206897
873,2019-03-12,48017,22.1,0,1,46624,2.987731640356898
874,2019-03-13,48836,22.6,0,2,48017,1.7056459170710372
875,2019-03-14,49902,25.0,0,3,48836,2.1828159554427065
876,2019-03-15,47608,21.3,0,4,49902,-4.597010139874153
877,2019-03-16,44888,17.8,1,5,47608,-5.7133254915140315
878,2019-03-17,42135,18.2,1,6,44888,-6.133042238460167
879,2019-03-18,47187,18.7,0,0,42135,11.99003203987184
880,2019-03-19,48835,21.1,0,1,47187,3.492487337614173
881,2019-03-20,50270,24.1,0,2,48835,2.9384662639500356
882,2019-03-21,52165,26.3,0,3,50270,3.769643922816789
883,2019-03-22,53052,26.8,0,4,52165,1.7003738138598679
884,2019-03-23,47096,23.4,1,5,53052,-11.226720953027218
885,2019-03-26,48298,20.5,0,1,46402,4.086030774535581
886,2019-03-27,49417,22.6,0,2,48298,2.3168661228208207
887,2019-03-28,50381,24.7,0,3,49417,1.950745694801384
888,2019-03-29,49933,25.3,0,4,50381,-0.8892241122645441
889,2019-03-30,48642,26.1,1,5,49933,-2.5854645224600965
890,2019-03-31,46871,26.9,1,6,48642,-3.6408864767073723
891,2019-04-01,49289,23.7,0,0,46871,5.158840221032195
892,2019-04-02,49170,22.4,0,1,49289,-0.24143317981699772
893,2019-04-03,50259,23.7,0,2,49170,2.214765100671141
894,2019-04-04,50597,24.2,0,3,50259,0.6725163652281183
895,2019-04-05,49463,23.8,0,4,50597,-2.2412395991857226
896,2019-04-06,47969,24.5,1,5,49463,-3.020439520449629
897,2019-04-07,46355,26.8,1,6,47969,-3.364673017990786
898,2019-04-08,53678,27.4,0,0,46355,15.797648581598533
899,2019-04-09,56888,28.1,0,1,53678,5.980103580610306
900,2019-04-10,57714,28.1,0,2,56888,1.4519758121220643
901,2019-04-11,58588,28.1,0,3,57714,1.5143639324947153
902,2019-04-12,57495,27.5,0,4,58588,-1.8655697412439407
903,2019-04-13,52800,27.6,1,5,57495,-8.165927471954083
904,2019-04-14,46722,27.9,1,6,52800,-11.511363636363637
905,2019-04-15,46329,24.9,1,0,46722,-0.8411454989084373
906,2019-04-16,49944,23.5,0,1,46329,7.8028880398886225
907,2019-04-17,51452,23.8,0,2,49944,3.0193817075124136
908,2019-04-18,56422,27.3,0,3,51452,9.659488455259272
909,2019-04-19,61699,29.9,0,4,56422,9.352734748856829
910,2019-04-20,63247,30.2,1,5,61699,2.50895476425874
911,2019-04-21,58698,29.2,1,6,63247,-7.192436004869796
912,2019-04-22,63725,29.7,0,0,58698,8.56417595148046
913,2019-04-23,64606,28.8,0,1,63725,1.3825029423303257
914,2019-04-24,66673,29.7,0,2,64606,3.199393245209423
915,2019-04-25,65440,28.8,0,3,66673,-1.8493243141901519
916,2019-04-26,63767,29.1,0,4,65440,-2.5565403422982884
917,2019-04-27,56738,28.0,1,5,63767,-11.022942901500777
918,2019-04-28,50273,28.1,1,6,56738,-11.394479890020797
919,2019-04-29,47250,28.5,0,0,50273,-6.0131681021621946
920,2019-04-30,38583,24.8,1,1,47250,-18.342857142857145
921,2019-05-01,37496,23.9,1,2,38583,-2.81730295726097
922,2019-05-02,47905,24.7,0,3,37496,27.760294431406017
923,2019-05-03,49452,23.9,0,4,47905,3.229308005427409
924,2019-05-04,48838,23.8,1,5,49452,-1.2416080239424088
925,2019-05-05,47795,27.2,1,6,48838,-2.135632089766166
926,2019-05-06,55369,28.2,0,0,47795,15.846845904383303
927,2019-05-07,54106,25.9,0,1,55369,-2.281059798804385
928,2019-05-08,51768,24.8,0,2,54106,-4.321147377370347
929,2019-05-09,49425,22.7,0,3,51768,-4.525961984237367
930,2019-05-10,49152,23.4,0,4,49425,-0.5523520485584218
931,2019-05-11,48084,24.4,1,5,49152,-2.1728515625
932,2019-05-12,48049,28.2,1,6,48084,-0.07278928541718659
933,2019-05-13,57034,28.8,0,0,48049,18.699660762971135
934,2019-05-14,60176,28.4,0,1,57034,5.508994634779254
935,2019-05-15,63608,29.5,0,2,60176,5.7032704068067
936,2019-05-16,69698,31.2,0,3,63608,9.574267387749968
937,2019-05-17,74557,32.5,0,4,69698,6.9715056386122995
938,2019-05-18,76525,33.6,1,5,74557,2.6395911852676477
939,2019-05-19,75283,33.6,1,6,76525,-1.6229990199281281
940,2019-05-20,77480,31.8,0,0,75283,2.918321533413918
941,2019-05-21,61819,27.4,0,1,77480,-20.21295818275684
942,2019-05-22,57245,27.0,0,2,61819,-7.399019718856663
943,2019-05-23,59460,28.4,0,3,57245,3.8693335662503276
944,2019-05-24,61416,28.7,0,4,59460,3.289606458123108
945,2019-05-25,61174,29.7,1,5,61416,-0.39403412791454995
946,2019-05-26,61229,30.5,1,6,61174,0.08990747703272632
947,2019-05-27,63502,28.8,0,0,61229,3.7122931944013455
948,2019-05-28,61941,28.2,0,1,63502,-2.4581902932191113
949,2019-05-29,57195,27.2,0,2,61941,-7.662130091538723
950,2019-05-30,56805,27.4,0,3,57195,-0.6818777865198007
951,2019-05-31,54238,26.4,0,4,56805,-4.518968400668955
952,2019-06-01,48255,24.6,1,5,54238,-11.031011467974484
953,2019-06-02,45889,26.6,1,6,48255,-4.903118847787794
954,2019-06-03,57866,29.3,0,0,45889,26.099936804027106
955,2019-06-04,63522,30.3,0,1,57866,9.77430615560087
956,2019-06-05,65750,29.5,0,2,63522,3.507446239098265
957,2019-06-06,66769,30.2,0,3,65750,1.549809885931559
958,2019-06-07,67083,30.6,0,4,66769,0.47027812308107053
959,2019-06-08,64967,30.5,1,5,67083,-3.154301387832983
960,2019-06-09,67505,32.7,1,6,64967,3.906598734742254
961,2019-06-10,80806,33.1,0,0,67505,19.703725649951856
962,2019-06-11,80256,32.1,0,1,80806,-0.6806425265450585
963,2019-06-12,83890,33.8,0,2,80256,4.528010366826156
964,2019-06-13,78756,31.7,0,3,83890,-6.119918941470974
965,2019-06-14,73660,30.8,0,4,78756,-6.470618111635938
966,2019-06-15,73978,32.4,1,5,73660,0.4317132772196579
967,2019-06-16,72000,32.4,1,6,73978,-2.6737678769363864
968,2019-06-17,74932,31.2,0,0,72000,4.072222222222222
969,2019-06-18,63162,27.6,0,1,74932,-15.707574867880211
970,2019-06-19,69474,29.9,0,2,63162,9.993350432221906
971,2019-06-20,74519,31.6,0,3,69474,7.261709416472349
972,2019-06-21,81515,33.3,0,4,74519,9.38820971832687
973,2019-06-22,82478,33.8,1,5,81515,1.1813776605532724
974,2019-06-23,76510,32.6,1,6,82478,-7.235868958995126
975,2019-06-24,65476,28.3,0,0,76510,-14.42164422951248
976,2019-06-25,66533,29.8,0,1,65476,1.6143319689657278
977,2019-06-26,72578,31.4,0,2,66533,9.08571686230893
978,2019-06-27,79915,33.0,0,3,72578,10.109123976962715
979,2019-06-28,84860,35.0,0,4,79915,6.187824563598824
980,2019-06-29,83296,34.4,1,5,84860,-1.8430355880273392
981,2019-06-30,64484,28.7,1,6,83296,-22.58451786400307
982,2019-07-01,69290,30.5,0,0,64484,7.453011599776689
983,2019-07-02,69210,29.9,0,1,69290,-0.11545677586953383
984,2019-07-03,70228,30.5,0,2,69210,1.4708857101574917
985,2019-07-04,60359,28.1,0,3,70228,-14.052799453209547
986,2019-07-05,67283,30.9,0,4,60359,11.47136301131563
987,2019-07-06,71140,32.3,1,5,67283,5.73250300967555
988,2019-07-07,71225,32.4,1,6,71140,0.11948271014900196
989,2019-07-08,83825,33.5,0,0,71225,17.69041769041769
990,2019-07-09,80970,32.0,0,1,83825,-3.4059051595586047
991,2019-07-10,66618,28.8,0,2,80970,-17.725083364208967
992,2019-07-11,69621,30.1,0,3,66618,4.507790687201657
993,2019-07-12,76147,32.8,0,4,69621,9.373608537653869
994,2019-07-13,76546,32.9,1,5,76147,0.5239864997964463
995,2019-07-14,68864,31.4,1,6,76546,-10.035795469390955
996,2019-07-15,71856,30.0,0,0,68864,4.344795539033457
997,2019-07-16,69306,29.7,0,1,71856,-3.5487641950567808
998,2019-07-17,77650,31.9,0,2,69306,12.039361671428159
999,2019-07-18,80532,32.2,0,3,77650,3.7115260785576303
1000,2019-07-19,85495,33.6,0,4,80532,6.162767595489991
1001,2019-07-20,75377,31.8,1,5,85495,-11.834610211123458
1002,2019-07-21,65550,29.0,1,6,75377,-13.037133343062207
1003,2019-07-22,73120,30.4,0,0,65550,11.548436308161708
1004,2019-07-23,72873,31.0,0,1,73120,-0.337800875273523
1005,2019-07-24,70795,30.2,0,2,72873,-2.8515362342705806
1006,2019-07-25,64628,28.0,0,3,70795,-8.711067165760294
1007,2019-07-26,64836,30.3,0,4,64628,0.3218419261001424
1008,2019-07-27,66632,31.6,1,5,64836,2.770066012708989
1009,2019-07-28,65186,31.4,1,6,66632,-2.1701284668027374
1010,2019-07-29,71700,30.2,0,0,65186,9.992943270027306
1011,2019-07-30,67834,28.7,0,1,71700,-5.391910739191074
1012,2019-07-31,67297,29.7,0,2,67834,-0.791638411416104
1013,2019-08-01,62005,28.0,0,3,67297,-7.863649196843841
1014,2019-08-02,57795,27.4,0,4,62005,-6.789775018143699
1015,2019-08-03,51826,26.4,1,5,57795,-10.327883034864607
1016,2019-08-04,49432,26.3,1,6,51826,-4.6193030525219
1017,2019-08-05,58463,27.7,0,0,49432,18.269541997086908
1018,2019-08-06,64249,29.9,0,1,58463,9.896857841711853
1019,2019-08-07,71083,31.4,0,2,64249,10.636741427882146
1020,2019-08-08,71495,30.9,0,3,71083,0.5796041247555674
1021,2019-08-09,68117,29.3,0,4,71495,-4.724805930484649
1022,2019-08-10,69316,31.7,1,5,68117,1.7602067031724826
1023,2019-08-11,68557,31.9,1,6,69316,-1.0949852847827342
1024,2019-08-12,79280,32.2,0,0,68557,15.640999460303107
1025,2019-08-13,83230,32.8,0,1,79280,4.9823410696266395
1026,2019-08-14,85704,34.0,0,2,83230,2.972485882494293
1027,2019-08-15,80935,31.9,0,3,85704,-5.564501073462149
1028,2019-08-16,70112,29.3,0,4,80935,-13.372459380984742
1029,2019-08-17,63603,28.9,1,5,70112,-9.283717480602464
1030,2019-08-18,62888,30.8,1,6,63603,-1.1241608100246845
1031,2019-08-19,71148,30.6,0,0,62888,13.134461264470168
1032,2019-08-20,65777,28.4,0,1,71148,-7.549052678922809
1033,2019-08-21,60981,27.2,0,2,65777,-7.291302430940906
1034,2019-08-22,61114,27.5,0,3,60981,0.21810071989636115
1035,2019-08-23,60335,27.7,0,4,61114,-1.274667015741074
1036,2019-08-24,57914,28.1,1,5,60335,-4.012596337117759
1037,2019-08-25,58545,29.8,1,6,57914,1.0895465690506614
1038,2019-08-26,67913,30.0,0,0,58545,16.00136647023657
1039,2019-08-27,66369,29.4,0,1,67913,-2.2734969740697655
1040,2019-08-28,65908,29.1,0,2,66369,-0.6946013952297005
1041,2019-08-29,68982,29.8,0,3,65908,4.6640771985191485
1042,2019-08-30,61471,28.2,0,4,68982,-10.888347684903309
1043,2019-08-31,51592,26.4,1,5,61471,-16.070992825885376
1044,2019-09-01,45098,27.0,1,6,51592,-12.587222825244224
1045,2019-09-02,44417,28.8,1,0,45098,-1.5100447913432968
1046,2019-09-03,58650,29.1,0,1,44417,32.044037192966655
1047,2019-09-04,61939,29.0,0,2,58650,5.607843137254902
1048,2019-09-05,67651,30.5,0,3,61939,9.221976460711346
1049,2019-09-06,71065,30.7,0,4,67651,5.046488595881805
1050,2019-09-07,71409,31.2,1,5,71065,0.4840638851755435
1051,2019-09-08,66976,30.9,1,6,71409,-6.207900964864373
1052,2019-09-09,72167,30.5,0,0,66976,7.750537505972288
1053,2019-09-10,62497,27.3,0,1,72167,-13.399476214890463
1054,2019-09-11,61297,27.5,0,2,62497,-1.9200921644238922
1055,2019-09-12,63629,28.9,0,3,61297,3.804427622885296
1056,2019-09-13,64756,29.2,0,4,63629,1.771204953716073
1057,2019-09-14,64094,29.7,1,5,64756,-1.022299091976033
1058,2019-09-15,62458,30.0,1,6,64094,-2.5525010141354882
1059,2019-09-16,69576,28.8,0,0,62458,11.396458420058279
1060,2019-09-17,70244,29.2,0,1,69576,0.9601011843164309
1061,2019-09-18,67531,29.3,0,2,70244,-3.862251580206139
1062,2019-09-19,59921,26.0,0,3,67531,-11.268898727991589
1063,2019-09-20,61831,27.6,0,4,59921,3.1875302481600776
1064,2019-09-21,58424,28.6,1,5,61831,-5.510180977179732
1065,2019-09-22,52485,27.7,1,6,58424,-10.165343009722031
1066,2019-09-23,58359,26.7,0,0,52485,11.191769076879108
1067,2019-09-24,59025,26.8,0,1,58359,1.141212152367244
1068,2019-09-25,59711,27.2,0,2,59025,1.1622193985599323
1069,2019-09-26,59807,27.4,0,3,59711,0.16077439667732915
1070,2019-09-27,59638,27.8,0,4,59807,-0.28257561823866767
1071,2019-09-28,56524,27.2,1,5,59638,-5.221503068513364
1072,2019-09-29,52902,27.4,1,6,56524,-6.407897530252636
1073,2019-09-30,60723,28.1,0,0,52902,14.783940115685606
1074,2019-10-01,62728,28.6,0,1,60723,3.3018790244223775
1075,2019-10-02,63277,28.5,0,2,62728,0.875207243973983
1076,2019-10-03,58342,26.1,0,3,63277,-7.799042306051172
1077,2019-10-04,56612,26.5,0,4,58342,-2.9652737307600012
1078,2019-10-05,54453,27.0,1,5,56612,-3.813679078640571
1079,2019-10-06,51894,28.1,1,6,54453,-4.699465594182139
1080,2019-10-07,59397,27.6,0,0,51894,14.458318880795467
1081,2019-10-08,56693,26.1,0,1,59397,-4.552418472313416
1082,2019-10-09,54810,24.6,0,2,56693,-3.321397703420175
1083,2019-10-10,58142,27.4,0,3,54810,6.079182630906769
1084,2019-10-11,60552,28.6,0,4,58142,4.145024250971758
1085,2019-10-12,58342,28.9,1,5,60552,-3.6497555819791256
1086,2019-10-13,52601,28.3,1,6,58342,-9.840252305371774
1087,2019-10-14,56625,26.5,0,0,52601,7.650044675956731
1088,2019-10-15,54842,25.7,0,1,56625,-3.14878587196468
1089,2019-10-16,55720,26.3,0,2,54842,1.600962765763466
1090,2019-10-17,55384,25.8,0,3,55720,-0.6030150753768844
1091,2019-10-18,52317,24.4,0,4,55384,-5.537700418893543
1092,2019-10-19,49953,24.9,1,5,52317,-4.518607718332473
1093,2019-10-20,47425,26.1,1,6,49953,-5.060757111684984
1094,2019-10-21,55819,27.0,0,0,47425,17.699525566684237
1095,2019-10-22,58362,27.6,0,1,55819,4.555796413407621
1096,2019-10-23,60560,28.7,0,2,58362,3.7661492066755766
1097,2019-10-24,52587,23.4,0,3,60560,-13.165455746367238
1098,2019-10-25,51503,23.8,0,4,52587,-2.061345960028144
1099,2019-10-26,50229,25.3,1,5,51503,-2.4736423120983244
1100,2019-10-27,47920,26.0,1,6,50229,-4.59694598737781
1101,2019-10-28,50084,22.8,0,0,47920,4.515859766277129
1102,2019-10-29,49775,22.9,0,1,50084,-0.6169635013177861
1103,2019-10-30,50130,22.7,0,2,49775,0.7132094424912104
1104,2019-10-31,49200,22.5,0,3,50130,-1.8551765409934171
1105,2019-11-01,47898,19.2,0,4,49200,-2.6463414634146343
1106,2019-11-02,47032,21.3,1,5,47898,-1.8080086851225519
1107,2019-11-03,44258,23.8,1,6,47032,-5.898111923796564
1108,2019-11-04,49596,24.4,0,0,44258,12.061096298974197
1109,2019-11-05,49860,22.7,0,1,49596,0.5323009920154851
1110,2019-11-06,50412,23.1,0,2,49860,1.1070998796630565
1111,2019-11-07,51183,24.9,0,3,50412,1.5293977624375148
1112,2019-11-08,50587,23.8,0,4,51183,-1.1644491335013578
1113,2019-11-09,47664,21.7,1,5,50587,-5.778164350524839
1114,2019-11-10,43795,21.9,1,6,47664,-8.117237327962403
1115,2019-11-11,49451,22.6,0,0,43795,12.914716291814136
1116,2019-11-12,50773,22.8,0,1,49451,2.673353420557724
1117,2019-11-13,52124,24.5,0,2,50773,2.660863057136667
1118,2019-11-14,49532,20.7,0,3,52124,-4.972757271122708
1119,2019-11-15,50063,22.4,0,4,49532,1.0720342404909957
1120,2019-11-16,48419,24.7,1,5,50063,-3.2838623334598407
1121,2019-11-17,46088,25.9,1,6,48419,-4.814225820442388
1122,2019-11-18,52483,25.7,0,0,46088,13.87562923103628
1123,2019-11-19,48901,19.4,0,1,52483,-6.825067164605682
1124,2019-11-20,49485,20.6,0,2,48901,1.1942496063475183
1125,2019-11-21,49604,21.2,0,3,49485,0.24047691219561484
1126,2019-11-22,49919,22.3,0,4,49604,0.6350294331102331
1127,2019-11-23,48268,23.7,1,5,49919,-3.307357919830125
1128,2019-11-24,45356,24.5,1,6,48268,-6.032982514295186
1129,2019-11-25,50639,24.0,0,0,45356,11.647852544316077
1130,2019-11-26,50253,22.7,0,1,50639,-0.7622583384348032
1131,2019-11-27,51549,24.3,0,2,50253,2.5789505104172887
1132,2019-11-28,49336,20.9,0,3,51549,-4.293002774059632
1133,2019-11-29,49111,21.1,0,4,49336,-0.4560564293821956
1134,2019-11-30,47058,21.6,1,5,49111,-4.180326199833032
1135,2019-12-01,43585,21.7,1,6,47058,-7.380254154447703
1136,2019-12-02,47553,18.9,0,0,43585,9.104049558334289
1137,2019-12-03,48707,17.9,0,1,47553,2.4267659243370554
1138,2019-12-04,48659,16.2,0,2,48707,-0.09854846325990105
1139,2019-12-05,48754,17.6,0,3,48659,0.1952362358453729
1140,2019-12-06,48624,17.1,0,4,48754,-0.2666447881199491
1141,2019-12-07,47199,15.0,1,5,48624,-2.9306515301085883
1142,2019-12-08,44482,14.3,1,6,47199,-5.756477891480752
1143,2019-12-09,48798,15.1,0,0,44482,9.702801133042579
1144,2019-12-10,49679,14.5,0,1,48798,1.8054018607319973
1145,2019-12-11,49963,15.3,0,2,49679,0.571670122184424
1146,2019-12-12,50287,16.5,0,3,49963,0.6484798751075797
1147,2019-12-13,49851,18.5,0,4,50287,-0.867023286336429
1148,2019-12-14,47854,19.6,1,5,49851,-4.005937694329101
1149,2019-12-15,44940,22.1,1,6,47854,-6.089355121828896
1150,2019-12-16,49661,22.9,0,0,44940,10.505117935024478
1151,2019-12-17,51020,23.3,0,1,49661,2.7365538350013088
1152,2019-12-18,51952,24.4,0,2,51020,1.8267346138769112
1153,2019-12-19,51176,23.1,0,3,51952,-1.493686479827533
1154,2019-12-20,49292,17.1,0,4,51176,-3.6814131624198847
1155,2019-12-21,48266,16.1,1,5,49292,-2.0814736671265113
1156,2019-12-22,45674,16.5,1,6,48266,-5.3702399204408895
1157,2019-12-23,50124,17.8,0,0,45674,9.742960984367475
1158,2019-12-24,51233,21.4,0,1,50124,2.2125129678397575
1159,2019-12-25,51190,23.3,0,2,51233,-0.08393027931216208
1160,2019-12-26,50487,21.9,0,3,51190,-1.373315100605587
1161,2019-12-27,49210,16.9,0,4,50487,-2.529363994691703
1162,2019-12-28,47648,17.2,1,5,49210,-3.174151595204227
1163,2019-12-29,44920,18.6,1,6,47648,-5.725319006044325
1164,2019-12-30,47624,19.7,0,0,44920,6.019590382902939
1165,2019-12-31,47274,20.6,0,1,47624,-0.7349235679489333
